filename,title,@creator,location,exact_spot,intimacy_level,date_stamp,daytime_icon,rawness_percent,BLIP_description,artistic_description,keywords,keyword_confidences,vibe,context
image1,Two Dolls in Study,@pink_flamingo,-,toilet,2,-,☀️,0.97,-,"a of two dolls, one wearing a shirt and the other wearing shorts",shorts; wearing; shirt; bodies; models; perfume; dolls; children; anatomy; heads; couple,0.7346; 0.7339; 0.7176; 0.2832; 0.2722; 0.2691; 0.2648; 0.2644; 0.2622; 0.2604; 0.2602,serene,-
image10,Beneath the Birds,@stellar_wind,"Montreal, Canada",during traffic in my car,10,Third week of lockdown,🍷,0.52,-,two birds perched on a branch with yellow flowers,branch; flowers; birds; inkjet; bird; prints; painted; pair; preliminary; ecuador,0.7368; 0.7333; 0.2722; 0.2602; 0.258; 0.2555; 0.2541; 0.2531; 0.2526; 0.2523,warm,-
image100,People by the Shore,@yellow_bird,"Chefchaouen, Morocco",riverbank,20,Middle of summer,-,0.59,-,a of people on the beach with buildings in the,buildings; beach; wellington; honolulu; monaco; postcard; strand; citysearch; migration,0.7512; 0.7404; 0.2689; 0.2631; 0.2621; 0.2614; 0.2572; 0.2567; 0.2557,neutral,-
image101,Whispers in the Living Room,@inside_out,"Valparaíso, Chile",forest clearing,35,Full moon in March,☀️,0.9,-,"a living room with a television, bookshelves, and a clock on the wall",clock; room; bookshelves; living; bureau; television; desk; monitor; desktop; desktops; hdtv; widescreen,0.7617; 0.7422; 0.718; 0.7068; 0.2721; 0.2702; 0.2672; 0.2662; 0.2649; 0.2637; 0.2635; 0.262,serene,-
image102,Falling Stars in Panels,-,"Athens, Greece",by the fireplace,13,21/09/99,-,0.53,-,a comic strip with stars falling from the sky,sky; strip; comics; stars; starsmerchant; wishes; particle; astronomy; astrology; star,0.7224; 0.7154; 0.2669; 0.2667; 0.2639; 0.2637; 0.2617; 0.261; 0.259; 0.2576,neutral,-
image103,Echoes of Color,@garnet_sun,"Toronto, Canada",mountain lookout,19,One rainy afternoon,🍷,0.8,-,different colored circles in different sizes,sizes; circles; pattern; molecules; dot; cells; patterns; nodes; shapes,0.7197; 0.2883; 0.2698; 0.2696; 0.2648; 0.2635; 0.2633; 0.2617; 0.2612,warm,-
image104,Ode to the Apple and Orange,@enigmatic_smile,"Montreal, Canada",kitchen table,11,Winter of '98,🍷,0.61,-,"an apple and an orange with the word ""love"" written on them",apple; orange; word; agricultural; agriculture; gras; plants; plant; vegetables; vegetable; peas,0.7371; 0.7023; 0.6857; 0.2897; 0.2838; 0.2734; 0.2725; 0.272; 0.2698; 0.2696; 0.268,warm,-
image105,Shadows on the Inflatable,@kunzite_dawn,"Oaxaca, Mexico",attic room,12,First week of college,🍝,0.58,-,two people sitting on an inflatable duck in the water,water; google; animals; dogs; msn; pets; orgy; duck; seal,0.7088; 0.2807; 0.2744; 0.2715; 0.2708; 0.2684; 0.2668; 0.2607; 0.2606,mysterious,-
image106,Ode to the Purple Monster,@orange_sunset,"Paris, France",train window seat,22,Winter break,-,0.92,-,a of a purple monster with yellow eyes and green leaves,monster; eyes; leaves; vegetable; produce; fruit; fig; onion; defend; vegetables; fruits,0.7409; 0.7177; 0.7137; 0.292; 0.2836; 0.2825; 0.2815; 0.2787; 0.276; 0.2755; 0.2715,cool,-
image107,Shadows of the Woman in White,-,"Chefchaouen, Morocco",in bed at midnight,38,On my sister's wedding day,🍷,0.61,-,a black and white of a woman's face,face; sudan; ana; diana; lady; belle; marina; carmen; jane,0.7486; 0.2713; 0.2682; 0.2658; 0.2647; 0.263; 0.2623; 0.2622; 0.2606,neutral,-
image108,Portrait with Headscarf,@cosmic_dance,"Budapest, Hungary",forest clearing,35,Middle of summer,☕,0.84,-,the head of a woman wearing a headscarf,headscarf; collar; ana; anne; lady; pilot; headset; head,0.8037; 0.2774; 0.2761; 0.2748; 0.2734; 0.2708; 0.2704; 0.2703,serene,-
image109,Ode to Many Things,@turquoise_sea,"Reykjavík, Iceland",during traffic in my car,10,Winter of '98,-,0.72,-,"a variety of items, including a woman in a blue dress, a dog, and a cat",items; variety; dress; blues; blue; objects; inventory; stamps; draws; symbols; shapes,0.7595; 0.7383; 0.7139; 0.2866; 0.2798; 0.2748; 0.2701; 0.2693; 0.2691; 0.269; 0.2686,melancholic,-
image11,Homage to the Woman with Red Hair,@left_field,"Siwa Oasis, Egypt",during traffic in my car,10,Before the big storm,-,0.87,-,a of a woman with red hair,hair; shirt; memorabilia; drawn; tee; reprints; prints; printed; sample,0.7131; 0.2631; 0.2596; 0.2592; 0.2586; 0.2584; 0.2582; 0.2581; 0.2576,warm,-
image110,Portrait of the Table and Lamp,@red_velvet,"Luang Prabang, Laos",bar counter,9,After the last train,🍝,0.51,While sitting in traffic I started sketching on my phone,"a table, chairs, lamp, and curtains",chairs; curtains; lamp; dining; restaurant; tend; bureau; restaurants; cafe; table; kitchen,0.7592; 0.7516; 0.7464; 0.2826; 0.2773; 0.2771; 0.2762; 0.2756; 0.2745; 0.2744; 0.2734,mysterious,While sitting in traffic I started sketching on my phone
image111,Tennis Player,@aurora_borealis,"Berlin, Germany",bus seat,7,The festival weekend,🌙,0.67,-,a tennis player hitting the ball,ball; player; runner; running; tennis; exercise; paint; performer; marathon,0.729; 0.7252; 0.2821; 0.2775; 0.2699; 0.2635; 0.262; 0.26; 0.2592,mysterious,-
image112,Dreaming of the Shetland Collie,@hidden_gem,"Marrakesh, Morocco",in bed at midnight,38,Night of the eclipse,🍷,0.9,-,"collie, collies, shetland sheepdog",collie; collies; sheepdog; shetland; lion,0.7886; 0.781; 0.7628; 0.7122; 0.3034,serene,-
image113,Owls and Squirrels,@background_noise,"Luang Prabang, Laos",hotel balcony,28,Early spring 2005,☀️,0.69,-,"owls, squirrels, and trees",owls; squirrels; trees; tiles; tigers; tile; attempts; bookmarks; cards; birds,0.7919; 0.7565; 0.7223; 0.2779; 0.2715; 0.2714; 0.2671; 0.2661; 0.2651; 0.2648,serene,-
image114,Red Scissors Dream,@opal_dream,"Luang Prabang, Laos",toilet,2,Worst birthday I've ever had,🌙,0.72,-,"a pair of scissors, a red marker, and a of with the word 'scissors' written on it",scissors; pair; marker; word; signature; signatures; branch; branches; pins; nodes; sticks; variation,0.7721; 0.7575; 0.7426; 0.6828; 0.3; 0.2896; 0.2775; 0.2759; 0.2758; 0.2744; 0.2717; 0.2707,warm,-
image115,Between the Tiger Balm,-,"Acre, Israel",forest clearing,35,The day we met,☕,0.95,-,the tiger balm logo,logo; balm; tiger; tigers; seal,0.7688; 0.7604; 0.3154; 0.3109; 0.3025,mysterious,-
image116,Scallop Shell and Red Dots,@quartz_crystal,"New Orleans, USA",museum hallway,33,Early morning in August,☀️,-,-,a scallop shell with red dots,scallop; dots; shell; fossil; geological; diagram; segment; distribution; internal; cardiovascular,0.798; 0.7103; 0.2841; 0.2818; 0.2803; 0.2801; 0.2788; 0.2786; 0.2773; 0.277,warm,-
image117,Four Creatures,@transcendent_moment,"Tiberias, Israel",train window seat,22,Full moon in March,-,0.67,-,"a dog, cat, bird and butterfly",dog; butterfly; bird; stickers; animals; cats; stamps; pets; sticker; worldcat; dogs,0.7661; 0.7138; 0.7119; 0.2938; 0.2896; 0.2884; 0.286; 0.2774; 0.2773; 0.2773; 0.2772,mysterious,-
image118,Red Dragon Shadows,@transcendent_moment,"Goa, India",seashore rocks,27,My last day at work,🍝,0.52,Made while lying on the floor staring at the ceiling,a red dragon on a white,dragon; bhutan; crest; jaguar; griffin; rug; symbol; tile,0.2843; 0.2811; 0.2759; 0.2721; 0.2717; 0.2684; 0.2662; 0.2648,warm,Made while lying on the floor staring at the ceiling
image119,Hedgehog and Apple,@atmospheric_pressure,"Rosh Hanikra, Israel",rain-soaked café,16,Early spring 2005,☕,0.98,-,a of a hedgehog and an apple,hedgehog; apple; tree; card; sticker; stamp; heart; permalink; kinase,0.735; 0.2666; 0.2642; 0.2596; 0.2589; 0.2588; 0.2562; 0.2549; 0.2544,serene,-
image12,Paint and Pastel Echoes,@zen_garden,"Fez, Morocco",forest clearing,35,Before the big storm,☀️,0.62,-,"acrylics, pastels, and gouache",gouache; acrylics; pastels; colors; variations; quilt; textile; cells; markers,0.7647; 0.7543; 0.7491; 0.2806; 0.2772; 0.2759; 0.2734; 0.2722; 0.2712,mysterious,-
image120,Two Beetles and a Star,@peaceful_mind,"Nara, Japan",by the fireplace,13,Full moon in March,🍝,0.59,-,"two beetles, one with a star on its back and the other with an arrow pointing to it",beetles; star; back; arrow; appendix; segment; verzeichnis; insects; astrology; worm; dish; liver,0.7523; 0.7275; 0.7218; 0.6881; 0.271; 0.2694; 0.2681; 0.2659; 0.2639; 0.2639; 0.2625; 0.2593,neutral,-
image121,Beneath the Spider,@sapphire_blue,-,bus seat,7,Midnight in April,-,0.6,-,a of a spider and an insect,insect; creatures; insects; organisms; spider; antibodies; bugs; species,0.7573; 0.2888; 0.2783; 0.2771; 0.2696; 0.2675; 0.2672; 0.2633,neutral,-
image122,Grasshopper Shadows,@inside_out,"Reykjavík, Iceland",train window seat,22,Day after graduation,-,0.76,-,a grasshopper and an insect,insect; grasshopper; insects; brochure; flyer; bugs; restoration; publication; species,0.7682; 0.7493; 0.2689; 0.2644; 0.2637; 0.2539; 0.25; 0.25; 0.2499,mysterious,-
image123,Ladybug Whispers,@background_noise,"Nara, Japan",hidden alleyway,26,During the blackout,🍷,0.51,-,"a ladybug, an orange and blue bug, and a flower",ladybug; bug; orange; flower; antibodies; organisms; bacteria; insects; viruses; bacterial; textile,0.7268; 0.7136; 0.7031; 0.7018; 0.2712; 0.2685; 0.2647; 0.2616; 0.2576; 0.2572; 0.2564,melancholic,-
image124,Green Vase Whispers,@amethyst_sky,"Marrakesh, Morocco",balcony at sunset,14,Winter of '98,-,-,-,a green plant in a vase,vase; plant; verde; cell; bottle; tee; shirt; textile; printed,0.7941; 0.7526; 0.2747; 0.2732; 0.2698; 0.2663; 0.2629; 0.2608; 0.2597,cool,-
image125,UFO in the Night,@expressive_heart,"Fez, Morocco",library window,30,Summer solstice,🍝,-,-,an of a ufo flying through the night sky,sky; night; starsmerchant; space; universe; alien; prints; saturn; astrology; poster,0.7271; 0.7097; 0.2688; 0.2685; 0.2651; 0.265; 0.2624; 0.261; 0.2577; 0.2571,raw,-
image126,Cars on the Road,@quiet_night,"Masada, Israel",hotel balcony,28,Middle of summer,☕,0.6,-,cars on the road at night,cars; road; night; car; automobile; passenger; automobiles; acrylic; drive; highway; vehicle,0.7514; 0.745; 0.714; 0.2645; 0.2632; 0.262; 0.2617; 0.2601; 0.2594; 0.2585; 0.258,neutral,-
image127,Vase of Flowers and Child,@star_cluster,"Lamu, Kenya",library window,30,Midnight in April,🍷,0.52,-,a of a vase with flowers and a child's handwriting on the,handwriting; child; flowers; vase; birthday; fifteen; twenty; wishes; years; cookbook; beginners,0.7437; 0.7377; 0.7279; 0.7049; 0.2763; 0.2759; 0.2676; 0.2655; 0.2619; 0.2618; 0.2614,neutral,-
image128,Woman with Fish and Other Things,@emerald_city,"Tel Aviv, Israel",forest clearing,35,During the blackout,☀️,0.55,-,a woman with fish and other items in her hair,hair; items; conscious; bloom; crop; anxiety; peripheral; mind; sudan,0.7353; 0.7196; 0.2586; 0.2582; 0.2569; 0.2569; 0.2562; 0.2561; 0.2552,neutral,-
image129,Woman in Hat,@asteroid_belt,"Dead Sea, Israel",train window seat,22,Middle of summer,-,0.54,-,a woman wearing a hat,hat; shoulder; profile; reconstruction; neck; lid; outline; hats,0.2829; 0.2754; 0.2692; 0.2686; 0.2676; 0.2673; 0.2672; 0.2659,serene,-
image13,Ink Collage,@moon_phase,"New York, USA",backstage dressing room,25,04/07/11,-,0.66,-,"collage, and ink on",ink; collage; tile; fig; tiles; postcards; globe; prints; postcard; seed,0.7197; 0.7159; 0.2643; 0.2601; 0.26; 0.2584; 0.2578; 0.2551; 0.2528; 0.2522,neutral,-
image130,Woman with Earrings,@golden_hour,"Montreal, Canada",office desk corner,6,During the blackout,🍝,0.55,-,a woman wearing earrings,earrings; portrait; ana; portraits; icon; avatar; vector; ranger,0.7322; 0.2618; 0.2602; 0.2572; 0.2565; 0.2541; 0.254; 0.2524,neutral,-
image131,"Leaves, Branches, Snowflakes",@aquamarine_wave,"Paris, France",during traffic in my car,10,Last June,☕,0.77,-,"leaves, branches, and snowflakes in a blue sky",snowflakes; branches; sky; blue; leaves; leaf; plant; pine; vegetation; seasons; plants; branch,0.7587; 0.752; 0.7124; 0.6979; 0.2867; 0.284; 0.2805; 0.2784; 0.2689; 0.267; 0.2644; 0.263,melancholic,-
image132,Burrito with Lettuce and Tomato,@crystal_echo,"Pingyao, China",bridge at dusk,31,Halloween night,🌙,0.84,-,"a burrito, lettuce, tomato, onion, and cheese",burrito; lettuce; onion; tomato; wrap; dietary; salad; sandwich; kernel; food; foods; vegetable,0.8086; 0.7506; 0.7289; 0.7129; 0.2631; 0.2625; 0.262; 0.2615; 0.2605; 0.259; 0.2587; 0.2567,mysterious,-
image133,Woman in Headscarf,@creative_spirit,"Oaxaca, Mexico",beach,3,One rainy afternoon,🍷,0.59,-,a woman wearing a headscarf,headscarf; sudan; ana; study; portrait; worker; arab; civilian,0.8139; 0.2739; 0.2672; 0.2624; 0.2595; 0.2592; 0.2587; 0.257,serene,-
image134,Potted Plant on a Small Table,@crystal_echo,"Paris, France",toilet,2,Night of the eclipse,🍝,0.75,-,a potted plant on a small table,table; pine; plant; florist; winter; plants; florists; decorative; decorating,0.7583; 0.2772; 0.2759; 0.2719; 0.2717; 0.2713; 0.267; 0.2658; 0.2658,mysterious,-
image135,Man on the Balcony,@asteroid_belt,"Goa, India",candlelit room,24,The day the power went out,🍝,0.94,-,a man on the balcony of a building,balcony; building; lookup; roof; rendered; render; apartments; developments; apartment; housing,0.7771; 0.7601; 0.2789; 0.2786; 0.2775; 0.2744; 0.2703; 0.2689; 0.2689; 0.2667,warm,-
image136,Purple Trees in a Field,@magenta_rose,"Berlin, Germany",candlelit room,24,Halloween night,☀️,0.83,-,purple trees in a field,field; purple; crops; plains; prairie; crop; fields; landscape; landscapes; trees,0.7832; 0.7611; 0.2981; 0.2937; 0.2921; 0.2885; 0.2883; 0.2842; 0.2837; 0.2833,cool,-
image137,Oranges in a Bowl,@quiet_night,"Amsterdam, Netherlands",kitchen table,11,Winter break,🍝,0.84,-,oranges in a bowl,bowl; oranges; potatoes; potato; bread; foods; recipes; cookies; yeast; tomato,0.7647; 0.7631; 0.2969; 0.2818; 0.2746; 0.2714; 0.2709; 0.2681; 0.2681; 0.268,warm,-
image138,Ink and Gouache,@zen_garden,"Rome, Italy",attic room,12,An endless Sunday,🍷,0.7,Found an old notebook and sketched over my old school notes,"ink, and gouache on",gouache; ink; abstracts; colors; color; markers; acrylic; layer; abstract; oils,0.7839; 0.7436; 0.2732; 0.2719; 0.2678; 0.2676; 0.2673; 0.267; 0.2663; 0.2647,neutral,Found an old notebook and sketched over my old school notes
image139,Colored Pencils and Crayons,@turquoise_sea,"Prague, Czech Republic",secluded garden,23,Early spring 2005,🍷,0.63,-,"colored pencils, and crayons",crayons; pencils; scanned; backgrounds; sequences; stationery; landscapes; comparative; pages,0.7506; 0.7435; 0.2508; 0.2501; 0.2483; 0.2467; 0.2458; 0.2446; 0.2445,warm,-
image14,Lemon,@golden_hour,"Safed, Israel",balcony at sunset,14,Midnight in April,🍝,0.98,-,a lemon and a of,lemon; pieces; piece; circular; lid; circle; fraction; geo,0.7503; 0.2757; 0.2736; 0.2729; 0.2689; 0.2649; 0.2647; 0.2632,mysterious,-
image140,New World Logo,@tourmaline_rain,"Dead Sea, Israel",under the old oak tree,15,The day the power went out,🍝,0.82,-,the logo for new world energy,logo; energy; frequency; world; renewable; activation; advertisement; frequencies; electricity,0.7345; 0.2789; 0.2595; 0.2569; 0.2536; 0.2511; 0.2504; 0.2476; 0.2469,serene,-
image141,Man in Hat with Tie,@mood_swing,"Reykjavík, Iceland",candlelit room,24,04/07/11,-,0.72,-,a man in a hat and tie holding a glass of wine,hat; wine; glass; golf; stick; mime; cartoons; animated; sticks; sub; gnu,0.7397; 0.7364; 0.7111; 0.2694; 0.2674; 0.2632; 0.2631; 0.2627; 0.2619; 0.2619; 0.2617,serene,-
image142,Person Lying on the Ground,@cyan_sky,"Masada, Israel",bar counter,9,Worst birthday I've ever had,🍝,0.53,-,a person laying on the ground in front of a train,train; person; ground; front; nursery; television; aquarium; visitors; animation; refrigerator; observation; bedrooms,0.7385; 0.728; 0.7166; 0.6877; 0.2632; 0.2627; 0.26; 0.2596; 0.2594; 0.2585; 0.256; 0.2552,neutral,-
image143,"Rocket, Space Station, Satellite",@silver_lining,"Jaffa, Israel",school hallway,5,Autumn equinox,🌙,0.54,-,"a rocket, a space station, and a satellite stock",satellite; space; stock; station; intake; fish; missile; reconstruction; rocket; shark; bottle; lip,0.7518; 0.7378; 0.733; 0.7144; 0.2704; 0.2702; 0.2677; 0.2672; 0.2671; 0.265; 0.2647; 0.2641,mysterious,-
image144,Blue Man in Red Hat,@sacred_space,"Reykjavík, Iceland",on the rooftop,37,After the last train,-,-,-,a blue man in a red hat and yellow shorts,hat; shorts; acrobat; dive; performer; ballet; diving; animation; falling,0.7131; 0.6835; 0.275; 0.2741; 0.2671; 0.2664; 0.2653; 0.2651; 0.2649,warm,-
image145,Red Devil Doll,@occult_art,"Nara, Japan",hidden alleyway,26,Last June,☕,0.97,-,"a red devil doll, a black and an of a baby",doll; devil; baby; freebsd; lucas; lil; twiki; infant; teddy; child; annie,0.749; 0.7488; 0.7342; 0.2827; 0.2663; 0.2621; 0.2609; 0.2597; 0.2596; 0.2594; 0.258,dark,-
image146,"Dog, Cat, and Bird",@yellow_bird,"Zanzibar, Tanzania",airport lounge,36,Early spring 2005,☕,0.87,-,"a of a dog, a cat, and a bird",dog; bird; mice; rats; animals; pets; creatures; cats; rat,0.7394; 0.7082; 0.2923; 0.2851; 0.2796; 0.2745; 0.2702; 0.2681; 0.2661,mysterious,-
image147,Poem in Words,@sublime_vision,"Tel Aviv, Israel",forest clearing,35,Winter break,🌙,0.78,-,"the words of a poem written by the author, just once i want to bite you to shred your knuckle in the weight of daylight, to know your body by its names",knuckle; weight; poem; author; distances; knock; wanting; physically; keyword; excerpt; continually; distance,0.7889; 0.7463; 0.7328; 0.7233; 0.2816; 0.2803; 0.2735; 0.2713; 0.2697; 0.2689; 0.2686; 0.2679,whimsical,-
image148,Blue Table Lamp,@obsidian_void,"Venice, Italy",on the rooftop,37,Early spring 2005,🌙,0.52,-,a table lamp with a blue and pink shade,pink; shade; blue; lamp; lamps; lid; led; light; table; vertex; dot,0.7357; 0.7105; 0.6944; 0.289; 0.2708; 0.2634; 0.26; 0.2567; 0.2562; 0.2551; 0.2545,melancholic,-
image149,Chinese Character with Bronze Disk,@gray_wolf,"Samarkand, Uzbekistan",on the rooftop,37,An endless Sunday,🍝,0.5,-,a chinese character on a bronze disk,bronze; disk; character; shield; button; lid; seal; disc; coin; valve; raid,0.7505; 0.7369; 0.6909; 0.27; 0.2648; 0.2592; 0.2581; 0.2568; 0.2567; 0.2549; 0.2523,mysterious,-
image15,Tomato Cut in Half,@obsidian_void,"Budapest, Hungary",secluded garden,23,Midnight in April,🌙,0.74,-,a tomato cut in half,half; cut; tomato; seed; virus; card; seeds; detector; reconstruction; fig,0.7316; 0.7313; 0.269; 0.2675; 0.2644; 0.2643; 0.2634; 0.2603; 0.2598; 0.2583,mysterious,-
image150,Tall White Column,@brown_bear,"Venice, Italy",museum hallway,33,An endless Sunday,-,0.79,-,a tall white column in the middle of a room,middle; room; pole; column; cylinder; wall; aluminium; scale; lcd; columns,0.7407; 0.7295; 0.2934; 0.2898; 0.2709; 0.2695; 0.267; 0.2645; 0.264; 0.2632,neutral,-
image151,Hand‑Drawn City Map,@mood_swing,"Tiberias, Israel",school hallway,5,On my sister's wedding day,🍷,-,-,"a hand-drawn map of the city, which is used to guide visitors through the exhibition",visitors; exhibition; city; map; installations; creating; create; mapping; artist; artists; installation; collaborative,0.7014; 0.6933; 0.6768; 0.6758; 0.2463; 0.2439; 0.2437; 0.2402; 0.2378; 0.2353; 0.2343; 0.2329,raw,-
image152,Colorful Glass Sphere,-,"New York, USA",library window,30,Full moon in March,-,0.98,-,a colorful glass sphere sitting on top of a clear stand,glass; top; stand; cds; plasma; discs; atom; sphere; lens; disc; object,0.7527; 0.7147; 0.697; 0.2667; 0.2648; 0.2624; 0.2604; 0.2598; 0.2595; 0.2587; 0.2584,whimsical,-
image153,Black and White Abstract,@galaxy_whisper,"Chefchaouen, Morocco",dockside pier,34,Winter break,-,1.0,-,a black and white of an abstract on the wall,abstract; tile; cubic; tiles; parallel; fraction; wall; installation; surfaces,0.7285; 0.2699; 0.2655; 0.2628; 0.2624; 0.2606; 0.2596; 0.2595; 0.2593,neutral,-
image154,Orange Light on White Wall,-,"Fez, Morocco",riverbank,20,Halloween night,🍝,0.69,-,a of an orange light on a white wall,light; wall; orange; hardcover; publication; brochures; ebook; handbook; cookbook; catalogue; contributor,0.7261; 0.7226; 0.7171; 0.2802; 0.2636; 0.2604; 0.2598; 0.2588; 0.2583; 0.2575; 0.2574,whimsical,-
image155,Three Views of Gothic,@solar_flare,-,rain-soaked café,16,Full moon in March,-,0.63,-,three different views of gothic arches,arches; views; columns; arbor; plate; structures; panels; bridges; framework; arch,0.792; 0.6729; 0.2793; 0.2761; 0.2749; 0.2734; 0.2725; 0.271; 0.271; 0.268,serene,-
image156,Woman Walking in Field with Car,@shallow_waters,"Acre, Israel",bus seat,7,First week of college,🍷,0.88,-,a woman walking in a field and a car in the,field; car; gardening; lawn; farming; yard; picking; farmer; garden; childhood,0.7495; 0.6945; 0.2571; 0.255; 0.2536; 0.2531; 0.2524; 0.2514; 0.2513; 0.2505,neutral,-
image157,Woman Sitting in Garden,@indigo_night,"Vancouver, Canada",bar counter,9,Summer solstice,☕,0.96,-,a woman sitting in a garden,garden; vincent; gardens; thompson; reynolds; henderson; barnes; phillips; harrison,0.7447; 0.2668; 0.256; 0.2546; 0.2543; 0.254; 0.2526; 0.2512; 0.2507,serene,-
image158,Words Then Voice,@overhead_light,"Berlin, Germany",abandoned warehouse,17,The day the power went out,🍝,-,-,"the words, then the voice in my head said",head; voices; vocals; lyrics; excerpt; transcript; dialogue; voice; script,0.6942; 0.2832; 0.2778; 0.2747; 0.2745; 0.2659; 0.2641; 0.2638; 0.2625,mysterious,-
image159,Black and White Two,@divine_light,"Berlin, Germany",kitchen table,11,Halloween night,-,0.63,-,a black and white of two people on horseback,horseback; stamp; correspondence; kidney; stanley; teddy; charity; copies; montgomery,0.7125; 0.2641; 0.2615; 0.261; 0.2599; 0.2592; 0.2591; 0.259; 0.2585,neutral,-
image16,Lemon Slice with Hole,@soft_whisper,"Venice, Italy",during traffic in my car,10,First week of college,🌙,0.91,-,"a lemon slice, a of and a hole in the middle of it",slice; hole; middle; pour; egg; piece; lid; sun; surfaces; letter,0.7515; 0.736; 0.7242; 0.2668; 0.2638; 0.2607; 0.2607; 0.2583; 0.2582; 0.2577,serene,-
image160,Sun Rising over Body,@artistic_soul,"Lamu, Kenya",market square,21,Blue hour in January,☀️,0.92,-,the sun rising over a body of water,water; body; turner; sun; dawn; atmospheric; meyer; fog; sunrise; eclipse,0.7185; 0.6954; 0.2725; 0.2681; 0.2656; 0.2638; 0.2588; 0.2582; 0.2563; 0.2544,mysterious,-
image161,Man Sitting at Desk,@mystic_fog,"Budapest, Hungary",empty classroom,32,04/07/11,🌙,0.81,-,a man sitting at a desk in the dark,desk; dark; camping; backgrounds; environments; forest; lodge; scene; cottage; cabin,0.7146; 0.6996; 0.2623; 0.2589; 0.2521; 0.251; 0.2499; 0.2496; 0.2486; 0.248,melancholic,-
image162,Shadows and Leaves,@star_cluster,"Dead Sea, Israel",under the old oak tree,15,15/05/23,☕,0.82,-,the shadows of leaves on a white wall,shadows; wall; leaves; abstracts; fraction; forms; surfaces; fabric; film; quilt; marble,0.7482; 0.7417; 0.7319; 0.2666; 0.2602; 0.2596; 0.258; 0.2579; 0.2548; 0.2547; 0.2541,dark,-
image163,Field of Red Poppies,-,"Amsterdam, Netherlands",on the rooftop,37,One rainy afternoon,🍷,0.55,-,a field of red poppies,poppies; field; prairie; fields; ambient; bloom; foto; retrieval; fioricet,0.7571; 0.2642; 0.2576; 0.2564; 0.2553; 0.2525; 0.252; 0.2515; 0.2504,warm,-
image164,Black and White Circle,@blue_moon,"Samarkand, Uzbekistan",train window seat,22,Before the big storm,☀️,0.53,-,a black and white of a circular pattern,pattern; circles; dot; stars; molecules; eclipse; particle; rings; cluster,0.7189; 0.2718; 0.2614; 0.2588; 0.2556; 0.2539; 0.2527; 0.252; 0.2497,neutral,-
image165,Interior of Lincoln,@lime_light,"Rosh Hanikra, Israel",market square,21,The week before moving out,🍷,0.93,Sketched it while waiting for my laundry,the interior of the lincoln center library in new york city,interior; center; york; lincoln; libraries; bibliographic; library; encyclopedia; commons; bibliography; glossary; oclc,0.7459; 0.7262; 0.7149; 0.7111; 0.29; 0.284; 0.2774; 0.2628; 0.2614; 0.2603; 0.2592; 0.2592,neutral,Sketched it while waiting for my laundry
image166,White Buddha Sitting in Blue,@gentle_breeze,"Rosh Hanikra, Israel",school hallway,5,15/05/23,🍷,0.95,-,a white buddha sitting on a blue,buddha; blue; meditation; spirituality; consciousness; centered; portal; sacred; zen; practitioners,0.7823; 0.7105; 0.2634; 0.2583; 0.2579; 0.255; 0.2543; 0.2533; 0.2529; 0.2521,melancholic,-
image167,Leaf with Rocks and Pebbles,@amethyst_sky,"Samarkand, Uzbekistan",bridge at dusk,31,First snow of 2012,🍷,0.68,-,"a leaf, rocks and pebbles on a wooden table",pebbles; leaf; table; wooden; offerings; zen; rocks; offering; arrangement; meditation; stones; stone,0.7525; 0.7478; 0.7412; 0.72; 0.2777; 0.2652; 0.264; 0.2632; 0.261; 0.2578; 0.2564; 0.2557,neutral,-
image168,Circular Structure in the Middle,@chrysoprase_meadow,"Montreal, Canada",backstage dressing room,25,Autumn equinox,🌙,0.61,-,a circular structure in the middle of a grassy hillside,hillside; structure; middle; cedar; wooden; radius; shed; designed; wood; bureau; holes,0.7265; 0.7154; 0.6847; 0.2642; 0.2543; 0.2477; 0.2461; 0.2458; 0.2457; 0.2435; 0.2426,mysterious,-
image169,Colorful Abstract on Black,@star_cluster,"Takayama, Japan",empty classroom,32,Winter break,🍷,0.68,-,a colorful abstract on a black,acid; abstract; dimensional; detail; color; abstracts; textile; organisms,0.2703; 0.2594; 0.2582; 0.2578; 0.2566; 0.2548; 0.2547; 0.2545,whimsical,-
image17,Woman Painting Her Face,@foreground_focus,"Hallstatt, Austria",-,1,An endless Sunday,☀️,0.77,-,a woman with paint on her face,paint; face; saint; light; madonna; fraction; sacred; willow; faith; peripheral,0.7444; 0.7362; 0.2641; 0.2608; 0.2574; 0.2568; 0.2563; 0.2557; 0.2557; 0.2557,whimsical,-
image170,Woman’s Face,@surreal_world,"Barcelona, Spain",market square,21,Middle of summer,☀️,0.96,-,a of a woman's face,face; artist; artistic; mac; lee; printing; principal; hewlett,0.7393; 0.2598; 0.2567; 0.2557; 0.2549; 0.2529; 0.2529; 0.2528,mysterious,-
image171,Woman with Orange Hair,@mystic_fog,"Rosh Hanikra, Israel",hidden alleyway,26,During the blackout,🍷,0.55,-,a of a woman with orange hair,orange; hair; cock; maternity; vagina; kidney; cradle; infant; birth; nested,0.7305; 0.699; 0.259; 0.2581; 0.2575; 0.2574; 0.2567; 0.2565; 0.2548; 0.2548,warm,-
image172,"Color, Shape, and Motion",@lunar_tide,"Goa, India",under the old oak tree,15,Halloween night,☀️,0.87,-,"color, shape, and motion",color; motion; shape; lcd; transcription; frequency; sequences; frequencies; screen; genome; binary,0.7393; 0.7335; 0.7197; 0.2853; 0.2809; 0.2803; 0.2801; 0.2781; 0.2765; 0.2747; 0.2746,mysterious,-
image173,Unicorn with Knife and Scissors,@amber_glow,"Valparaíso, Chile",museum hallway,33,Blue hour in January,☕,0.93,-,"a of a unicorn, a knife, and scissors",scissors; knife; rabbit; bishop; pope; cross; bunny; antibody; animation,0.73; 0.7291; 0.2753; 0.2599; 0.2597; 0.2596; 0.2592; 0.2586; 0.2577,mysterious,-
image174,Man and Dog,@concrete_dreams,"Acre, Israel",under the old oak tree,15,Early spring 2005,☀️,0.73,-,a of a man and a dog,dog; trace; piece; finite; vice; arc; syndicate; cache; pac,0.7409; 0.2767; 0.2724; 0.2723; 0.2719; 0.2718; 0.2715; 0.2704; 0.2694,mysterious,-
image175,Woman Doing Handstand,@kunzite_dawn,"New Orleans, USA",attic room,12,15/05/23,☕,0.74,-,a of a woman doing a handstand,handstand; bat; preliminary; process; stretch; dive,0.7685; 0.2715; 0.2687; 0.2671; 0.2663; 0.2662,mysterious,-
image176,Variety of Types,@feeling_tone,"Acre, Israel",candlelit room,24,15/05/23,🍷,0.99,-,a variety of different types of rocks and minerals,rocks; variety; types; minerals; elements; ceramic; organisms; geological; bio; metals,0.7262; 0.7175; 0.715; 0.2876; 0.2644; 0.2611; 0.2588; 0.2585; 0.2565; 0.2551,serene,-
image177,Woman’s Face with Flowers,@expressive_heart,"Reykjavík, Iceland",backstage dressing room,25,Summer solstice,☕,-,-,a of a woman's face and a of flowers,face; flowers; prints; portraits; process; faces; experiments; influences; acrylic,0.7271; 0.7062; 0.2549; 0.2508; 0.2498; 0.2495; 0.2488; 0.2471; 0.2469,serene,-
image178,Design House,@spiritual_journey,"Haifa, Israel",laundromat corner,29,Day after graduation,☕,0.6,-,the design of a house with a green roof,house; design; roof; developments; backgrounds; buildings; greenhouse; houses; hostels; apartment; establishing,0.7514; 0.7471; 0.7364; 0.2678; 0.2672; 0.263; 0.2621; 0.2608; 0.2574; 0.2562; 0.255,cool,-
image179,Yellow Lily with Green Leaves,@red_velvet,"Rosh Hanikra, Israel",on the rooftop,37,Winter break,-,0.91,-,a yellow lily and green leaves,lily; leaves; flowers; flower; plant; plants; crop; bouquet; variation; spring,0.7641; 0.7541; 0.2785; 0.2705; 0.2637; 0.2627; 0.2611; 0.2578; 0.2564; 0.2564,warm,-
image18,Black and White Ornate,@morganite_blush,"Rome, Italy",empty classroom,32,Summer solstice,☀️,0.84,-,a black and white of an ornate design,design; ornate; encyclopedia; menus; hardcover; glossary; isbn; bibliography; bookmarks; cookbook,0.742; 0.7375; 0.2696; 0.2655; 0.2647; 0.2628; 0.2606; 0.2604; 0.2586; 0.2578,neutral,-
image180,Tulip,@opal_dream,"Siwa Oasis, Egypt",under the old oak tree,15,Winter break,☕,0.95,I happened to be bored in the office and this is what happened,a of a tulip on a of,tulip; flower; bloom; flowers; bouquet; rose; rosa; artistic; opened,0.8057; 0.2839; 0.2768; 0.274; 0.2734; 0.2699; 0.269; 0.269; 0.2688,serene,I happened to be bored in the office and this is what happened
image181,Rabbit with Leaves,@silent_storm,"Kibbutz Ein Gedi, Israel",-,1,Third week of lockdown,🍝,0.83,-,a of a rabbit and leaves,leaves; rabbit; bunny; postcards; scanned; bookmarks; mice; prints,0.7306; 0.2932; 0.2784; 0.2752; 0.2748; 0.2743; 0.2728; 0.2727,serene,-
image182,"Colored Pencils, Crayons, and Markers",@divine_light,"Safed, Israel",bar counter,9,-,☕,0.83,-,"colored pencils, crayons, and markers",crayons; pencils; markers; pages; books; encyclopedia; cookbook; hardcover; paperbacks; stationery,0.7591; 0.7454; 0.7327; 0.2591; 0.2546; 0.2525; 0.2481; 0.2472; 0.2456; 0.2417,warm,-
image183,Inside the Eye,@lime_light,"Jerusalem, Israel",-,1,Winter break,☀️,0.89,-,the inside of an eye,inside; eye; fig; seed; cell; onion; egg; inner; oval,0.739; 0.2889; 0.2807; 0.2785; 0.2707; 0.2649; 0.2647; 0.2621; 0.2608,serene,-
image184,Brain and Skull in Human Head,@upside_down,"Fez, Morocco",under the old oak tree,15,Just before sunrise,🌙,0.59,Was trying to draw a cat but it became something else,"a brain, a skull, and an of a human head",brain; skull; head; exhibit; vessels; exhibitions; organisms; ceramic; contents; memorabilia,0.714; 0.7048; 0.6921; 0.2482; 0.2468; 0.2437; 0.2435; 0.2423; 0.2405; 0.2393,neutral,Was trying to draw a cat but it became something else
image185,Man on Horse,@crystal_echo,"Montreal, Canada",abandoned warehouse,17,My last day at work,🍝,0.8,-,an of a man on a horse and a with,horse; encyclopedia; publication; glossary; publications; britannica; bibliographic; bibliography; catalogue,0.6972; 0.2788; 0.2784; 0.2778; 0.2734; 0.2731; 0.272; 0.2717; 0.2701,serene,-
image186,Black and White Woman,@purple_haze,"New Orleans, USA",attic room,12,Winter of '98,-,0.54,-,a black and white of a woman in a dress,dress; elegant; lady; bridal; designs; costume; tribal; traditional; victorian,0.763; 0.2749; 0.2729; 0.2725; 0.2719; 0.2683; 0.2677; 0.2675; 0.2637,neutral,-
image187,Person with Rubik’s Cube,@timeless_echo,"Chefchaouen, Morocco",by the fireplace,13,04/07/11,🌙,0.98,-,a person with a rubik's cube on their head,rubik; person; head; pieces; dimensional; disco; instrumental; cube; cubic; outer; dimension,0.7558; 0.7388; 0.715; 0.2633; 0.2613; 0.2609; 0.2589; 0.2583; 0.258; 0.2577; 0.257,mysterious,-
image188,Man Sitting on Bench,@celestial_harmony,"New York, USA",-,1,The week before moving out,-,-,-,a of a man sitting on a bench,bench; mali; vendor; niger; cameroon; senegal; rwanda; ghana; sudan,0.7228; 0.2756; 0.2709; 0.2683; 0.2676; 0.2666; 0.2655; 0.2601; 0.2597,neutral,-
image189,Man in Baseball Cap,@atmospheric_pressure,"Rome, Italy",under the old oak tree,15,Before the big storm,☕,0.69,-,a of a man in a baseball cap,baseball; cap; chance; mlb; doc; morgan; ranger; porter; ali; artist,0.7624; 0.7562; 0.283; 0.2803; 0.2706; 0.2698; 0.2679; 0.2668; 0.2666; 0.2662,mysterious,-
image19,Person Sitting on Bench,@beryl_light,"Kyoto, Japan",empty classroom,32,The hottest day of the year,🌙,1.0,-,a of a person sitting on a bench,person; bench; study; reading; musician; librarian; ana; artist; reader,0.7438; 0.7386; 0.2842; 0.2754; 0.275; 0.2746; 0.2715; 0.2687; 0.2674,mysterious,-
image190,All Different Types,@cosmic_dance,"Hallstatt, Austria",candlelit room,24,Full moon in March,🍝,0.96,I scribbled it during a Zoom meeting instead of paying attention,all the different types of food in the world,types; world; food; puzzles; cookbook; pages; rocks; encyclopedia; puzzle; pins,0.7438; 0.7438; 0.7434; 0.271; 0.2693; 0.2673; 0.2658; 0.2647; 0.2645; 0.2626,serene,I scribbled it during a Zoom meeting instead of paying attention
image191,World Map,@abstract_mind,"Paris, France",hotel balcony,28,Blue hour in January,-,0.71,-,a map of the world and various symbols,symbols; world; map; stamps; correspondence; quilt; stationery; postcards; catalogue; postage,0.7323; 0.695; 0.6729; 0.2544; 0.2489; 0.2483; 0.2481; 0.2481; 0.2437; 0.2435,mysterious,-
image192,Black and White Spider,@ambient_sound,"Prague, Czech Republic",forest clearing,35,The week before moving out,-,0.76,-,a black and white of a spider,spider; ant,0.3109; 0.3017,neutral,-
image193,"Cubes, Triangles, Squares, Rectangles",@indigo_night,"Hallstatt, Austria",backstage dressing room,25,Early morning in August,-,0.75,-,"cubes, triangles, squares, and rectangles",squares; rectangles; cubes; triangles; quilt; textile; rugs; pieces; blocks; strips; fabric,0.7625; 0.7526; 0.7442; 0.7243; 0.2939; 0.2598; 0.2575; 0.2522; 0.2497; 0.2493; 0.2492,neutral,-
image194,Handwritten List of Names,@neon_dreamer,"New Orleans, USA",seashore rocks,27,The hottest day of the year,☕,0.51,-,a handwritten list of names and dates,dates; signatures; names; listing; roster; lists; list; listed; committee,0.7021; 0.2713; 0.2673; 0.265; 0.2638; 0.2582; 0.2554; 0.2549; 0.2523,neutral,-
image195,Person Holding Brush,@fantasy_realm,"Reykjavík, Iceland",bar counter,9,Night of the eclipse,🌙,0.55,-,a person holding a brush in front of a box with fur on it,front; box; person; brush; fur; shaved; trim; thread; donated; extensions; threaded,0.7125; 0.7009; 0.6926; 0.2686; 0.2598; 0.2588; 0.2578; 0.2546; 0.254; 0.2516; 0.2514,mysterious,-
image196,Acrylic Paint in Blue Light,@celestial_harmony,"Budapest, Hungary",rain-soaked café,16,On my sister's wedding day,-,0.77,-,"acrylic paint on a blue light source, and a person in a dark room",paint; light; person; source; acrylic; installation; sold; installations; bidder; backgrounds; blue; surfaces,0.7398; 0.7124; 0.7052; 0.7051; 0.2559; 0.2507; 0.2471; 0.2455; 0.2442; 0.2441; 0.2427; 0.2411,melancholic,-
image197,Acrylic Paint and Mixed Collage,@asteroid_belt,"Athens, Greece",rain-soaked café,16,On my sister's wedding day,☀️,0.76,-,"acrylic paint, collage, and mixed media on",collage; paint; media; printing; inkjet; reprint; prints; reprints; printed; card,0.7448; 0.7313; 0.7063; 0.2635; 0.2595; 0.2587; 0.2586; 0.2575; 0.2561; 0.2551,mysterious,-
image198,Various Colors,@front_line,"Barcelona, Spain",desert roadside,18,31/12/07,🍝,0.7,-,a of with various colors,colors; contents; catalogue; lists; flyer; list; catalog; brochure; correspondence,0.7159; 0.2742; 0.2699; 0.2629; 0.2623; 0.2616; 0.2612; 0.2608; 0.2601,mysterious,-
image199,Handwritten Letter and Teapots,@jade_garden,"Haifa, Israel",mountain lookout,19,Blue hour in January,🍷,0.69,-,a handwritten letter and a of tea pots,letter; pots; tea; signatures,0.756; 0.7305; 0.6955; 0.3004,mysterious,-
image2,Crescent Moon on Back,@spiritual_journey,"Nara, Japan",under the old oak tree,15,Midsummer night,🍝,0.58,-,a crescent moon on the back of a black t - shirt,moon; crescent; back; printed; reprints; apparel; shirt; tee; ordered; shirts; reprint,0.7423; 0.7414; 0.7324; 0.2579; 0.2578; 0.2551; 0.2507; 0.249; 0.2488; 0.2455; 0.2444,dark,-
image20,"Acrylics, Pastels, and Gouache",@lost_art,"Bariloche, Argentina",backstage dressing room,25,Winter break,☀️,0.63,-,"acrylics, pastels, and gouache",gouache; acrylics; pastels; prints; quilt; variations; colors; tile; printing,0.7759; 0.7576; 0.737; 0.2808; 0.2779; 0.275; 0.2739; 0.2724; 0.271,serene,-
image200,Screenshot of iPad App,@tranquil_forest,"Chefchaouen, Morocco",museum hallway,33,Blue hour in January,🍷,0.54,-,a screenshot of the ipad app,screenshot; app; ipad; posters; postcards; influences; designing; backgrounds; stickers; catalogs,0.7315; 0.7121; 0.6996; 0.2639; 0.2569; 0.2529; 0.252; 0.2494; 0.2489; 0.2486,serene,-
image201,Woman in Red Dress with Note,@creative_spirit,"Masada, Israel",-,1,15/05/23,-,0.86,-,"a of a woman in a red dress and a note that reads, ""I love you",note; dress; examined; antibodies; pathology; appendix; catalogue; biographies,0.7143; 0.6498; 0.2544; 0.2456; 0.2444; 0.2442; 0.2434; 0.2427,warm,-
image202,"Table, Chair, and Doll",@lost_art,"Rome, Italy",balcony at sunset,14,Summer solstice,-,0.77,-,"a table, chair, and a doll sitting on the table",chair; doll; table; chef; santa; desk; furniture; coordinator; granny; rehabilitation,0.7229; 0.69; 0.2379; 0.237; 0.2365; 0.2357; 0.2327; 0.2324; 0.2312; 0.2305,serene,-
image203,Different Types of Shapes,@spinel_heart,"Dead Sea, Israel",in bed at midnight,38,Just before sunrise,-,0.72,-,the different types of shapes that can be drawn,types; designing; templates; configurations; macromedia; sequences; designs; shapes,0.7373; 0.2695; 0.2678; 0.2659; 0.2589; 0.2578; 0.2568; 0.2568,neutral,-
image204,African Woman with Turban and Earrings,@center_stage,"Ubud, Indonesia",desert roadside,18,Just before sunrise,☀️,0.91,-,an african woman wearing a turban and earrings,turban; earrings; biographies; poster; faces; flyer; portraits; invitations; listings; exhibitions,0.7109; 0.6834; 0.2463; 0.2318; 0.2309; 0.2301; 0.2301; 0.23; 0.23; 0.2283,mysterious,-
image205,Black and White,@peridot_leaf,"Marrakesh, Morocco",backstage dressing room,25,Early morning in August,🍷,0.92,-,a black and white of the,amendments; flyer; brochure; handbook; amendment; diploma; publication; contracts,0.2729; 0.2716; 0.2711; 0.2705; 0.2685; 0.2664; 0.2662; 0.266,neutral,-
image206,Woman Standing in Open Doorway,@garnet_sun,"Takayama, Japan",mountain lookout,19,New Year's Eve 2010,☀️,0.98,-,a woman standing in an open doorway,doorway; threshold; door; entry; untitled; openings; bedrooms; window,0.7734; 0.2556; 0.2548; 0.2504; 0.2493; 0.2487; 0.2486; 0.2486,neutral,-
image207,Patterned Flower,@green_tea,"Eilat, Israel",during traffic in my car,10,The day the power went out,🍝,-,-,a patterned and an of a flower,flower; plants; leaves; trees; printing; templates; crafts; branches,0.7299; 0.2671; 0.2667; 0.2609; 0.2602; 0.2577; 0.2575; 0.2569,serene,-
image208,Collage with Mache and Paint,@arcane_symbol,"Cusco, Peru",on the rooftop,37,Day after graduation,🌙,0.78,-,"collage, mache, and paint",collage; paint; mache; pieces; process; bibliography; maps; mapping; correspondence; anatomy; processes,0.7595; 0.7194; 0.7066; 0.256; 0.2529; 0.2506; 0.2486; 0.2476; 0.2474; 0.2468; 0.2466,serene,-
image209,Woman Sitting in Pink Room,-,"Goa, India",airport lounge,36,Blue hour in January,-,0.69,-,a woman sitting in a pink room,room; pink; nudist; nudity; audience; study; rooms; bedrooms; judgment,0.7462; 0.7455; 0.2569; 0.2552; 0.2545; 0.2516; 0.2512; 0.2507; 0.2498,neutral,-
image21,Pair of Green High Heels,@green_tea,"Samarkand, Uzbekistan",abandoned warehouse,17,Before the big storm,🌙,0.52,-,a pair of green high heeled boots,pair; boot; shoe; acrylic; boots; shoes; heel; preliminary; painted,0.7158; 0.2743; 0.2704; 0.2696; 0.2694; 0.2646; 0.2634; 0.2615; 0.2612,cool,-
image210,Heart Shape,@jade_garden,"Hoi An, Vietnam",by the fireplace,13,15/05/23,🍷,0.5,-,the shape of the heart and the swirls that make up the design,swirls; design; heart; shape; connections; outline; process; outlined; crafts; drawn; rna,0.767; 0.7505; 0.7437; 0.7311; 0.2568; 0.2563; 0.2546; 0.2545; 0.2525; 0.2523; 0.2517,serene,-
image211,Letters and Daisy Lane Mannequin,@morganite_blush,"Tiberias, Israel",attic room,12,The hottest day of the year,-,0.93,-,"the letters daisy, lanne, manne, mx, bxl, and croro jaloux",jaloux; letters; bxl; croro; names; alias; labels; xml; exclude; diameter; name; label,0.7689; 0.7459; 0.7386; 0.7237; 0.2672; 0.2654; 0.2627; 0.2599; 0.2599; 0.2596; 0.2581; 0.2578,serene,-
image212,"Red, Yellow, Blue, Green",@midnight_owl,"Mitzpe Ramon, Israel",toilet,2,Autumn equinox,🍷,0.94,-,"red, yellow, blue, green, and black",acrylic; abstract; painted; abstracts; paint; piece; sold; oils,0.288; 0.2827; 0.2794; 0.2782; 0.2757; 0.274; 0.2722; 0.2716,warm,-
image213,Carhartt Jacket with Orange Zippers,@abstract_mind,"Budapest, Hungary",riverbank,20,New Year's Eve 2010,🍷,0.56,-,a carhartt jacket with orange zippers,carhartt; orange; zippers; outer; jacket; fleece; jackets; acne; wear; ordered; sample,0.7979; 0.7379; 0.7336; 0.2631; 0.2621; 0.2564; 0.2555; 0.2527; 0.2514; 0.2513; 0.251,warm,-
image214,Name of Graphic Designer,@ethereal_beauty,"Dead Sea, Israel",dockside pier,34,First week of college,☀️,0.93,-,"the name of a graphic designer and the words ""graphic designer",designer; name; hire; fonts; designers; label; else; catalogue; bibliography; agencies,0.7649; 0.7517; 0.2832; 0.2817; 0.2805; 0.2797; 0.2782; 0.2742; 0.2731; 0.2724,mysterious,-
image215,Spider on Wall with Person,@ambient_sound,"Hallstatt, Austria",attic room,12,My last day at work,-,-,-,a of a spider on a wall and a person lying on the floor,spider; person; wall; floor; mechanics; anatomy; study; loss; biology,0.7556; 0.7422; 0.7398; 0.7324; 0.2738; 0.27; 0.2696; 0.2692; 0.2669,serene,-
image216,Black and White Insect,@creative_spirit,"Chefchaouen, Morocco",office desk corner,6,Autumn equinox,🍷,0.79,-,"a black and white of an insect on the wall, with a purple and green alien in the foreground",alien; insect; foreground; purple; arrow; wall; split; connections; rabbit; influences; inkjet; poison,0.7281; 0.7213; 0.7186; 0.7014; 0.2555; 0.2495; 0.2467; 0.2457; 0.2455; 0.2449; 0.2446; 0.2439,cool,-
image217,Woman with Blue Hair,@calm_ocean,"Marrakesh, Morocco",bus seat,7,The day we met,☀️,0.5,-,a of a woman with blue hair,hair; aboriginal; portrait; portraits; seller; acrylic; solomon; mali,0.7114; 0.2596; 0.2569; 0.2504; 0.2488; 0.2488; 0.2472; 0.2455,melancholic,-
image218,Woman Wearing Hat Holding Baby,@midnight_owl,"Berlin, Germany",under the old oak tree,15,Winter break,☕,0.5,-,a woman wearing a hat and holding a baby,hat; baby; preliminary; poster; liver; kidney; arts; finished; progress; lung,0.7292; 0.6984; 0.2546; 0.2535; 0.2497; 0.249; 0.2488; 0.2481; 0.2475; 0.2471,neutral,-
image219,Woman with Mouth Open,@meditation_room,-,empty classroom,32,During the blackout,☕,0.59,-,a of a woman with her mouth open,mouth; mask; face; faced; becoming; process; facing; acrylic; faces,0.7341; 0.2564; 0.2547; 0.2537; 0.2535; 0.2531; 0.2516; 0.2512; 0.2511,serene,-
image22,Black and White Woman,@jade_garden,"Marrakesh, Morocco",on the rooftop,37,The day we met,-,0.68,-,a black and white of a woman on the floor,floor; photographs; scanning; foto; photographic; pichunter; printing; newsletter,0.6985; 0.2458; 0.2451; 0.2372; 0.2365; 0.2335; 0.2323; 0.2317,neutral,-
image220,"Red, Yellow, Blue, Black",@black_cat,"Siwa Oasis, Egypt",market square,21,Autumn equinox,☀️,0.98,-,"red, yellow, blue and black shapes",abstracts; textile; dot; rugs; phillips; shapes; pieces; quilt,0.2532; 0.2432; 0.2407; 0.2405; 0.2395; 0.2393; 0.2372; 0.2372,warm,-
image221,Hand Reaching Out,@divine_light,"Acre, Israel",desert roadside,18,First week of college,-,0.86,-,a hand reaching out to the sky,hand; sky; detail; process; preliminary; rendered; backgrounds; begun; finishing,0.7304; 0.6875; 0.2508; 0.2487; 0.2448; 0.2433; 0.2429; 0.2421; 0.2421,warm,-
image222,Interior of Restaurant,@spinel_heart,"Haifa, Israel",during traffic in my car,10,Night of the eclipse,🍷,0.84,-,the interior of a restaurant,restaurant; interior; tables; chairs; classroom; offices; furniture; desk; restaurants; furnishings,0.7418; 0.6824; 0.2678; 0.2611; 0.2592; 0.2586; 0.2511; 0.2507; 0.2467; 0.2464,neutral,-
image223,Tulip Shape,@coral_reef,"Acre, Israel",riverbank,20,The week before moving out,☀️,0.76,-,"the shape of the tulip, the form of its petals, and the way it is arranged on the stem",petals; tulip; form; shape; signature; signatures; flower; pen; drawn; draw; artistic; artist,0.7632; 0.7577; 0.7548; 0.7326; 0.2928; 0.2886; 0.2702; 0.2691; 0.2649; 0.2647; 0.2644; 0.262,mysterious,-
image224,Graphics,@chrysoprase_meadow,"Venice, Italy",park bench,4,31/12/07,☕,-,-,and graphics,graphics; experiences; sentences; experience; dependence; chances; existence; determines; circumstances,0.7143; 0.2768; 0.2749; 0.2664; 0.2657; 0.2633; 0.2626; 0.2619; 0.2607,neutral,-
image225,Black and White People,@occult_art,"Hoi An, Vietnam",riverbank,20,Winter of '98,🍷,0.96,-,a black and white of people standing in a line,line; catalogue; roster; card; labels; isbn; ticket; catalog; directory,0.7365; 0.2866; 0.2823; 0.2819; 0.2812; 0.2795; 0.2758; 0.2757; 0.2747,neutral,-
image226,Logo and Design Trends,@comet_trail,"San Francisco, USA",secluded garden,23,Halloween night,☀️,0.65,-,the logo for tion trends,logo; trends; trend; friendly; friend; friends; trips; referral; tion,0.7193; 0.2821; 0.2771; 0.2656; 0.2642; 0.26; 0.2596; 0.2594; 0.2539,serene,-
image227,Mermaid Girl Logo,@center_stage,"Budapest, Hungary",during traffic in my car,10,Blue hour in January,🌙,0.85,-,the mermaid girl logo in adobe illustrator,mermaid; adobe; logo; girl; designing; preview; invitations; designs; rendering; thumbnail; streaming; macromedia,0.796; 0.7399; 0.7104; 0.6765; 0.2669; 0.2637; 0.2629; 0.2607; 0.2593; 0.2575; 0.257; 0.2542,serene,-
image228,Two Men on Court,-,"Bariloche, Argentina",mountain lookout,19,Summer solstice,☕,-,-,a of two men in court,court; men; mitchell; harrison; peterson; pac; phillips; portraits; musicians,0.7156; 0.7139; 0.2606; 0.2597; 0.2528; 0.2517; 0.2513; 0.2509; 0.2498,mysterious,-
image229,Black Bag with Word,@cryptic_message,"Pingyao, China",on the rooftop,37,The hottest day of the year,☕,-,-,a black bag with the word cleanse on it,cleanse; bag; word; clearance; packaging; cleaners; cleaner; hygiene; product; launches; fragrance,0.7716; 0.7332; 0.6656; 0.2702; 0.2576; 0.2546; 0.2518; 0.2509; 0.2483; 0.2473; 0.2464,dark,-
image23,Building and Orange Sun,@purple_haze,"Venice, Italy",laundromat corner,29,After the last train,🌙,0.75,-,a building with an orange sun in the window,orange; building; sun; window; sol; institutions; postcard; portal; pharmacy; doors,0.7463; 0.7446; 0.2785; 0.2687; 0.2636; 0.2631; 0.263; 0.2629; 0.2608; 0.2607,warm,-
image230,Quote from Movie with Person,@tranquil_forest,"Prague, Czech Republic",backstage dressing room,25,Middle of summer,☀️,0.57,-,a quote from the movie ``person'' person has a forehead scar from diving into the deep end of an ask jessica what drowning feels like and she says nothing else is anything else,quote; scar; person; movie; excerpt; pools; waterproof; swimming; deep; quoted; depth; excluding,0.7511; 0.7186; 0.7124; 0.7002; 0.2731; 0.27; 0.2653; 0.2643; 0.261; 0.2609; 0.258; 0.2574,mysterious,-
image231,Woman’s Face with Words,@velvet_storm,"Nazareth, Israel",attic room,12,First week of college,🍝,0.8,-,an of a woman's face and the words 't' and 'hg,face; interfaces; graphic; vertex; blogs; sequences; abstracts,0.7351; 0.2482; 0.2479; 0.2459; 0.2452; 0.2452; 0.2449,mysterious,-
image232,Person in Pink Hoodie,@divine_light,"Ubud, Indonesia",hotel balcony,28,First snow of 2012,☕,0.89,-,a person in a pink hoodie,hoodie; person; jacket; pink; adidas; upskirts; editorials; rocky; upskirt; wang,0.7788; 0.7358; 0.2687; 0.2684; 0.2676; 0.2664; 0.2659; 0.2641; 0.264; 0.2621,serene,-
image233,Many Types of Furniture,@zircon_spark,"Budapest, Hungary",backstage dressing room,25,My last day at work,☀️,-,-,many different types of furniture,types; furnishings; cabinets; cabinet; furniture; tables; chairs; exhibits; suites,0.724; 0.2925; 0.2793; 0.2772; 0.2767; 0.2752; 0.2727; 0.2693; 0.2692,neutral,-
image234,Double U Logo,@diamond_dust,"Chefchaouen, Morocco",abandoned warehouse,17,Midsummer night,🍝,0.85,-,the double u logo and a red line on a white,line; logo; circuit; lcd; card; circuits; stationery; periodic; cartridge; macromedia,0.727; 0.7127; 0.283; 0.2797; 0.2751; 0.2744; 0.2667; 0.2664; 0.2655; 0.265,warm,-
image235,White and Blue Striped Towel,@celestial_harmony,"Siwa Oasis, Egypt",on the rooftop,37,Day after graduation,🍷,0.76,-,a white and blue striped towel hanging on a wall,towel; wall; quilt; sheets; cloth; textile; bedding; sheet; fabrics,0.7583; 0.7508; 0.2868; 0.2722; 0.2712; 0.2695; 0.2689; 0.2688; 0.2607,melancholic,-
image236,T‑Shirt,@deep_thoughts,"Haifa, Israel",in bed at midnight,38,Middle of summer,🍝,0.66,-,a t - shirt with the words carhartt work in progress on it,shirt; work; progress; sustainability; cashiers; recycling; nonprofit; workforce; ira; cargo; organisations,0.747; 0.7359; 0.7339; 0.2689; 0.2684; 0.2679; 0.2657; 0.2645; 0.2637; 0.2631; 0.2608,serene,-
image237,Glass Desk with Two Stools,@cosmic_dance,"Tiberias, Israel",during traffic in my car,10,21/09/99,☕,0.64,-,a glass desk with two stools and a lamp,stools; glass; lamp; table; desk,0.7552; 0.7478; 0.7362; 0.3063; 0.3046,mysterious,-
image238,Logo R,@peridot_leaf,"Venice, Italy",by the fireplace,13,Day after graduation,🌙,0.69,-,the logo for r & d fete de la musique,musique; fete; logo; brochure; flyer; prix; poster; programme; lecture; rrp; program,0.78; 0.751; 0.73; 0.2721; 0.27; 0.2605; 0.2595; 0.2575; 0.2529; 0.2514; 0.2479,neutral,-
image24,Colorful Crayfish with Green,@garnet_sun,"Chefchaouen, Morocco",mountain lookout,19,21/09/99,-,0.82,-,a colorful crayfish on a green,crayfish; insects; bee; ant; bugs; organisms; card; verzeichnis; biological,0.7927; 0.2955; 0.2802; 0.2716; 0.2705; 0.2703; 0.2691; 0.2682; 0.2671,whimsical,-
image240,Woman Sitting at Table,@coral_reef,-,hotel balcony,28,The hottest day of the year,🍝,0.53,-,a woman sitting at a table surrounded by sunflowers,sunflowers; table; florist; perfume; florists; clothing; variance; fabric; clothes; boutique,0.7803; 0.7177; 0.2621; 0.2556; 0.2549; 0.2533; 0.2528; 0.2514; 0.2511; 0.2502,neutral,-
image241,Black and White Logo,@overhead_light,"Jaffa, Israel",beach,3,First snow of 2012,🌙,0.96,-,a black and white logo with the letters gs,letters; logo; usr; src; sig; asn; scsi; res; rss; sys,0.7419; 0.7405; 0.2836; 0.2714; 0.268; 0.2664; 0.2664; 0.2658; 0.2657; 0.2651,neutral,-
image242,Beyond This Point,@emerald_city,"Goa, India",beach,3,New Year's Eve 2010,🍝,0.86,-,the word 'beyond this point' in black and white,point; word; boundary; points; yield; tend; rebound; bound; pointed; beyond,0.7546; 0.7193; 0.2706; 0.2699; 0.268; 0.2672; 0.2656; 0.2653; 0.2652; 0.2645,neutral,-
image243,Process of Making by Hand,@blue_moon,"Safed, Israel",by the fireplace,13,31/12/07,☕,0.86,-,the process of making a hand dyed wool sweater,process; hand; sweater; wool; fur; yarn; cotton; fiber; thread; textile; fabric,0.7455; 0.7063; 0.703; 0.28; 0.2669; 0.2668; 0.2641; 0.2603; 0.2558; 0.2541; 0.2534,mysterious,-
image244,Bear Turning Its Head,-,"Rosh Hanikra, Israel",toilet,2,My last day at work,☀️,0.82,-,a of a bear with its head in the air,head; air; lion; bears; bear; lions; scanned; pig; rat; beaver,0.7409; 0.7299; 0.2794; 0.2774; 0.2774; 0.2725; 0.2705; 0.2701; 0.2694; 0.2676,mysterious,-
image245,Black and White Man Lying,@pink_flamingo,"Acre, Israel",seashore rocks,27,The festival weekend,🍝,-,-,a black and white of a man laying on the grass with red flowers in the,grass; flowers; beatles; recreation; lawn; influences; lolita; grounds; remembered; similar,0.7276; 0.7184; 0.2668; 0.2538; 0.2521; 0.2446; 0.2435; 0.2427; 0.2407; 0.2403,neutral,-
image247,Spider with Woman on Ground,@gentle_breeze,"Tel Aviv, Israel",backstage dressing room,25,04/07/11,☕,0.74,-,a of a spider and a woman on the ground,spider; ground; anatomy; erotic; bondage; masturbation; mechanics,0.7511; 0.7289; 0.2675; 0.2671; 0.2663; 0.2659; 0.2654,mysterious,-
image248,Hand Reaching Out,@zircon_spark,"Prague, Czech Republic",empty classroom,32,Early spring 2005,🌙,0.96,-,a hand reaching out to the viewer,viewer; hands; hand; detail; fingers; process; acrylic; gloves; reaching,0.7134; 0.2589; 0.2539; 0.2535; 0.2503; 0.2475; 0.2465; 0.2459; 0.2445,mysterious,-
image249,Different Types of Letters,@stellar_wind,"New Orleans, USA",airport lounge,36,First snow of 2012,🍝,0.58,Got inspired by a random playlist shuffle at midnight,the different types of letters and numbers,letters; types; numbers; ascii; plan; brochure; designing; module; minimum; component; manuals,0.733; 0.7234; 0.7193; 0.2845; 0.2684; 0.2658; 0.2652; 0.2629; 0.2621; 0.2592; 0.2584,serene,Got inspired by a random playlist shuffle at midnight
image25,"Man, Woman, and Child",@deep_thoughts,"Venice, Italy",mountain lookout,19,Just before sunrise,☀️,0.97,-,"a of a man, woman, and child on a of",child; roommates; memo; algebra; notes; epinions; poem; note,0.7323; 0.2719; 0.2709; 0.2692; 0.2686; 0.2673; 0.2657; 0.2653,neutral,-
image250,Two Spheres,@fantasy_realm,"Dead Sea, Israel",during traffic in my car,10,Winter break,☕,0.82,-,two spheres that are connected by lines,spheres; lines; interfaces; web; partnerships; networks; cyber; spatial; sphere; structures,0.7612; 0.7103; 0.2566; 0.2562; 0.2483; 0.2459; 0.2455; 0.2454; 0.2448; 0.2447,serene,-
image251,Gothic Arch Shape,@crystal_echo,"Rosh Hanikra, Israel",market square,21,Third week of lockdown,🌙,0.83,-,a gothic arch in the shape of a frame,arch; frame; shape; panel; panels; door; handmade; portal; angeles; allah; bat,0.7479; 0.7474; 0.7349; 0.2665; 0.2656; 0.2642; 0.2628; 0.2619; 0.26; 0.2592; 0.2591,serene,-
image252,Group with Metal Scaffolding,@velvet_storm,"Jaffa, Israel",riverbank,20,The hottest day of the year,☕,0.91,-,a group of metal scaffolding,scaffolding; metal; group; framework; handles; modular; cubic; structural; modules; plumbing; structure,0.7788; 0.7321; 0.7012; 0.2701; 0.2593; 0.2564; 0.2562; 0.2534; 0.253; 0.2519; 0.2516,neutral,-
image253,Green and Black Sleeping Bag,@coral_reef,"Prague, Czech Republic",riverbank,20,The week before moving out,🍷,0.75,-,a green and black sleeping bag on the floor,bag; floor; sleeping; tent; mattress; cape; patrol; blanket; grave; quilt; rug,0.7537; 0.7526; 0.7326; 0.2892; 0.2715; 0.2688; 0.2623; 0.2611; 0.2607; 0.2592; 0.259,dark,-
image254,Flower on Beach with Person Lying,@nomadic_heart,"Barcelona, Spain",beach,3,Just before sunrise,-,0.76,-,"a flower, a beach, and a person laying on the ground",flower; ground; person; beach; albums; vessels; seasons; album; varied; influences; bloom; publications,0.7314; 0.7015; 0.692; 0.6911; 0.2713; 0.2635; 0.2589; 0.2574; 0.2572; 0.2569; 0.2558; 0.2546,serene,-
image255,Process of Making Felted,@sublime_vision,"Folegandros, Greece",on the rooftop,37,Halloween night,☕,0.84,-,the process of making a felted candle holder,holder; process; candle; geological; birth; gourmet; geology; ent; cake; chef,0.7291; 0.7237; 0.2688; 0.2684; 0.2666; 0.2663; 0.2655; 0.2643; 0.2622; 0.2608,mysterious,-
image256,Spiral Pattern on Side,-,"Lamu, Kenya",empty classroom,32,Before the big storm,☀️,0.63,-,a spiral pattern on the side of a rock,rock; pattern; side; debian; fossil; geology; aboriginal; geological; usgs; namibia; tile,0.7408; 0.7399; 0.6931; 0.2646; 0.2646; 0.2575; 0.2559; 0.2548; 0.2514; 0.2514; 0.2502,serene,-
image257,Different Types of Crabs,@right_side_up,"Valparaíso, Chile",bus seat,7,My last day at work,☀️,0.97,-,different types of crabs and lobsters,lobsters; crabs; types; insects; organisms; seafood; biodiversity; catalog; species; creatures; bugs,0.7765; 0.7761; 0.7441; 0.2889; 0.2883; 0.2801; 0.2772; 0.2752; 0.2741; 0.2727; 0.2682,mysterious,-
image258,"Chair, Stool, and Table",-,"Nara, Japan",metro station,8,The festival weekend,☀️,0.56,-,"a chair, a stool, and a table",stool; tables; font; bar; chairs; furniture; table; chair; classifieds,0.7665; 0.2896; 0.2874; 0.2826; 0.2821; 0.2754; 0.2731; 0.2716; 0.2695,neutral,-
image259,Pair of Wooden Puppets,@shallow_waters,"Jerusalem, Israel",park bench,4,Autumn equinox,-,-,-,"a pair of puppets on a wooden table, with one puppet holding a knife and the other holding scissors",puppets; puppet; pair; table; hands; handjobs; hand; handed; handling; crafts; handmade; fingers,0.767; 0.74; 0.7204; 0.7098; 0.2776; 0.2704; 0.2623; 0.2575; 0.2574; 0.2564; 0.2561; 0.2547,serene,-
image26,Tomato Cut in Half,@center_stage,"Hallstatt, Austria",forest clearing,35,Full moon in March,☀️,0.69,-,a tomato cut in half,tomato; half; cut; globe; atlas; cells; geo; dot; circular; wound; planets,0.7385; 0.7377; 0.7308; 0.2687; 0.2685; 0.2637; 0.2632; 0.2628; 0.2625; 0.2625; 0.2624,mysterious,-
image260,Bear and Dog,@arcane_symbol,"Bariloche, Argentina",during traffic in my car,10,Autumn equinox,☀️,0.96,-,a of a bear and a dog,bear; dog; pda; throat; thumbnail; oral; kissing; sucking; licking; bite,0.7213; 0.7164; 0.2725; 0.2716; 0.2715; 0.2698; 0.2686; 0.2673; 0.267; 0.265,serene,-
image261,Quote from Book,@diamond_dust,"Valparaíso, Chile",forest clearing,35,04/07/11,-,0.87,-,"a quote from the book, can i paint like caruso",caruso; quote; paint; book; advertisement; advert; fonts; casio; advertising; caroline; categories; posters,0.7436; 0.729; 0.7195; 0.6871; 0.274; 0.2687; 0.2677; 0.2608; 0.2607; 0.2586; 0.2569; 0.2545,neutral,-
image262,List of Words and Phrases,@front_line,"Kathmandu, Nepal",-,1,21/09/99,-,0.53,-,a list of words and phrases,phrases; list; glossary; bibliography; vocabulary; terminology; dictionaries; genres; descriptions; categories,0.7477; 0.7441; 0.2914; 0.2895; 0.289; 0.284; 0.2817; 0.2801; 0.2793; 0.2787,mysterious,-
image263,Sailboat Floating in the Ocean,@surface_tension,"Safed, Israel",backstage dressing room,25,Midnight in April,🍷,0.68,-,a sailboat floating in the ocean,sailboat; ocean; floating; sailing; sail; boat; boats; boating; sea; maritime; navigation,0.767; 0.7343; 0.7272; 0.2683; 0.2666; 0.2562; 0.2529; 0.2488; 0.2483; 0.2452; 0.2443,ethereal,-
image264,Woman in Canoe on Lake,@tourmaline_rain,"Eilat, Israel",market square,21,04/07/11,🍷,0.93,-,a woman in a canoe on a lake surrounded by mountains and trees,canoe; mountains; lake; pct; tent; camping; lodge; camp; skiing; diagram; tahoe,0.7532; 0.73; 0.7152; 0.2661; 0.2629; 0.2625; 0.2599; 0.257; 0.2557; 0.2521; 0.2516,serene,-
image265,Rocket on the Ground,@gentle_breeze,"Barcelona, Spain",beach,3,-,🍝,0.74,-,a of a rocket on the ground,rocket; ground; missile,0.794; 0.7278; 0.3114,neutral,-
image266,"Pencil, Snake, and Compass",@amber_glow,"Zanzibar, Tanzania",by the fireplace,13,Night of the eclipse,-,1.0,-,"a pencil of a snake, a compass, and an arrow pointing to the direction of travel",snake; compass; direction; arrow; notes; ideas; designing; designs; concepts; bookmarks; planner,0.722; 0.7118; 0.7085; 0.6824; 0.2828; 0.2708; 0.2705; 0.2665; 0.2658; 0.2629; 0.2625,mysterious,-
image267,Letters of the Alphabet,@magenta_rose,"Jaffa, Israel",during traffic in my car,10,The day we met,☀️,0.81,-,the letters of the alphabet in different styles,alphabet; styles; fonts; letters; arabic; ascii; dad; ada; letter; pdf,0.8072; 0.7332; 0.2975; 0.2931; 0.29; 0.2864; 0.2837; 0.2833; 0.2833; 0.2777,neutral,-
image268,Dragon Hand Holding,@peridot_leaf,"Sapa, Vietnam",secluded garden,23,The festival weekend,🍷,0.99,-,a of a dragon and a hand holding a,hand; bookmarks; creatures; cards; commissions; monsters; dragon,0.7131; 0.2682; 0.2678; 0.2661; 0.2638; 0.263; 0.2625,serene,-
image269,Octopus in Swimming Pool,@red_velvet,"Samarkand, Uzbekistan",hotel balcony,28,-,☕,0.91,-,an octopus swimming in a pool of bubbles,octopus; bubbles; swimming; pool; organisms; biological; bacteria; vessel; bacterial; ink; creatures; connections,0.8007; 0.7342; 0.734; 0.7042; 0.2876; 0.2825; 0.2704; 0.2698; 0.2696; 0.269; 0.2682; 0.268,neutral,-
image27,Head with Snake,@mystical_path,"Toronto, Canada",kitchen table,11,One rainy afternoon,☀️,1.0,-,the head of a snake with its mouth open,snake; biological; head; stomach; creatures; horn; creature; fossil; mouth,0.7347; 0.2473; 0.2457; 0.243; 0.2413; 0.2408; 0.2407; 0.2394; 0.2382,mysterious,-
image270,Black and White Squares,@velvet_storm,"Caesarea, Israel",kitchen table,11,First week of college,☀️,0.53,-,black and white squares with a cat in the middle,squares; middle; poster; puzzles; quilt; abstracts; puzzle; inkjet; crossword; pieces,0.7402; 0.7142; 0.2561; 0.2556; 0.2513; 0.2503; 0.25; 0.249; 0.2482; 0.2462,neutral,-
image271,"Plants, Flowers, Birds, and Cat",@outside_in,"Acre, Israel",market square,21,Third week of lockdown,🍝,0.65,-,"plants, flowers, birds, and a cat",plants; flowers; birds; brochure; china; japan; cookbook; taiwan; catalogue; bag; catalog,0.7492; 0.7299; 0.7264; 0.2768; 0.2768; 0.2731; 0.2706; 0.2706; 0.2702; 0.2697; 0.2691,neutral,-
image272,"House, Barn, and Shed",-,"Ubud, Indonesia",during traffic in my car,10,Worst birthday I've ever had,☕,0.72,-,"a house, a barn, and a shed",house; barn; mechanisms; semiconductor; mechanics; mechanical; constraints; specification; graphs; mysql,0.7347; 0.732; 0.2706; 0.2702; 0.2676; 0.2673; 0.2666; 0.2665; 0.2653; 0.2644,serene,-
image273,Young Black Woman in Beige,@nebula_dream,"Athens, Greece",hidden alleyway,26,The week before moving out,☕,1.0,-,a young black woman wearing a beige jacket and black pants,jacket; beige; pants; eminem; fleece; wiley; editorials; marshall; coat; modelling; wang,0.7516; 0.7497; 0.748; 0.2976; 0.2733; 0.2714; 0.2614; 0.2587; 0.2546; 0.2543; 0.254,neutral,-
image274,Person Riding Skateboard,@undercurrent,"Acre, Israel",on the rooftop,37,Before the big storm,☀️,0.52,-,a person riding a skateboard,skateboard; person; skating; snowboard; surfing; runner; animation; surf; motion,0.7828; 0.7382; 0.2925; 0.2702; 0.265; 0.2624; 0.2621; 0.2619; 0.2608,neutral,-
image275,Chinese Zodiac Sign,@blue_moon,"Amsterdam, Netherlands",in bed at midnight,38,Winter of '98,🍝,0.67,-,"the chinese zodiac sign for the year of the tiger, a red and the words happy new year",year; sign; zodiac; tigers; annual; yearly; tiger; card; greeting; mardi; postcard,0.7374; 0.6951; 0.6904; 0.244; 0.2427; 0.2404; 0.2362; 0.2357; 0.2336; 0.2324; 0.2317,warm,-
image276,Black and White Poster,@nomadic_heart,"Kibbutz Ein Gedi, Israel",desert roadside,18,On my sister's wedding day,🌙,0.69,-,a black and white poster for the pharaoh sanders jazz quartet,sanders; jazz; pharaoh; quartet; flyer; advertisement; treaty; poster; advertiser; advert; apache; times,0.7127; 0.6936; 0.6777; 0.672; 0.2933; 0.2601; 0.2543; 0.2492; 0.249; 0.2479; 0.2447; 0.2424,neutral,-
image277,Man Sitting on Ground,@overhead_light,"Valparaíso, Chile",office desk corner,6,Autumn equinox,☀️,0.68,-,a man sitting on the ground with a cigarette in his mouth,mouth; ground; cigarette; smoking; smoke; lung; tobacco; cigarettes; joint,0.7382; 0.7233; 0.2835; 0.2783; 0.2757; 0.2714; 0.2683; 0.2653; 0.2629,serene,-
image278,How to Draw a Person,@depth_of_field,"Reykjavík, Iceland",hotel balcony,28,The day the power went out,☀️,0.56,-,how to draw a person,person; thumbs; outline; aaa; thumb; pants; animation; thing; outlined,0.7503; 0.2692; 0.2646; 0.2637; 0.2625; 0.2612; 0.2612; 0.26; 0.2598,neutral,-
image279,Notice: May Not Be,@black_cat,"Tel Aviv, Israel",bus seat,7,Middle of summer,☕,0.87,-,a notice and may not be used without permission of the holder,notice; permission; holder; eco; ecological; exclude; ecology; existed; erotic; flyer; encyclopedia,0.7147; 0.6896; 0.6629; 0.2982; 0.2822; 0.2806; 0.276; 0.2759; 0.2707; 0.2693; 0.2691,serene,-
image28,Spiral Made of Squares,@galaxy_whisper,"Jerusalem, Israel",in bed at midnight,38,The festival weekend,🌙,0.8,-,a spiral made up of squares,spiral; squares; debian; circular; circle; circles; node; criterion; macromedia; generated,0.7776; 0.7447; 0.2967; 0.2906; 0.285; 0.2825; 0.2755; 0.2742; 0.2725; 0.272,mysterious,-
image280,Water Lilies and Lotus Flowers,@morganite_blush,"Masada, Israel",toilet,2,Day after graduation,-,0.74,-,"water lilies, lotus flowers, and other flowers",lilies; lotus; water; stamps; catalogue; catalog; editions; sequences; pages; scanning; flowers,0.7504; 0.7408; 0.6915; 0.2692; 0.2634; 0.2584; 0.2559; 0.2559; 0.2545; 0.254; 0.2537,serene,-
image281,Egg Falling from Above,@amethyst_sky,"Haifa, Israel",in bed at midnight,38,Early morning in August,🍝,-,-,an egg falling from the top of a tall building,building; top; brochure; sphere; egg; solaris; tower; ibm; acm; telecom,0.7614; 0.7311; 0.2754; 0.2718; 0.2711; 0.2708; 0.2693; 0.2686; 0.2663; 0.2659,serene,-
image282,Woman’s Face with Insect and Handwriting,@white_rabbit,"Samarkand, Uzbekistan",school hallway,5,04/07/11,-,0.55,-,"a of a woman's face, a of an insect, and handwritten notes",face; insect; documents; notes; catalogue; correspondence; contents; scripts; menus; annotated,0.7091; 0.7044; 0.2662; 0.2623; 0.2561; 0.2525; 0.2525; 0.2521; 0.2518; 0.2503,mysterious,-
image283,Two People Standing in Front,@blue_moon,"Marrakesh, Morocco",mountain lookout,19,The day the power went out,☕,0.63,-,two people standing in front of a wall with a quote from steve jobs on it,steve; wall; front; jobs; powerpoint; developers; quoted; quotations; presentations; quote; entrepreneurs,0.7489; 0.7099; 0.6851; 0.2824; 0.272; 0.2628; 0.2573; 0.2571; 0.2544; 0.2532; 0.2531,serene,-
image284,Contents of a Written Manuscript,@overhead_light,"Luang Prabang, Laos",on the rooftop,37,First snow of 2012,🍷,0.81,-,the contents of a manuscript written in the thirteenth century,manuscript; contents; century; menus; list; lists; catalog; menu; catalogue; signatures; listing,0.791; 0.7522; 0.7113; 0.2901; 0.2865; 0.2804; 0.2787; 0.2744; 0.2728; 0.2674; 0.2672,neutral,-
image285,List of Animals,@undercurrent,"Athens, Greece",airport lounge,36,Full moon in March,🍷,1.0,-,a list of animals and their names,names; animals; menus; ballot; glossary; menu; catalogue; roster; flyer; list,0.7707; 0.7336; 0.2989; 0.2955; 0.2945; 0.29; 0.2894; 0.2888; 0.2888; 0.2817,serene,-
image286,Polar Bear and Her Cubs,@chrysoprase_meadow,"Marrakesh, Morocco",balcony at sunset,14,After the last train,🌙,-,-,a polar bear and her cubs,bear; cubs; bears,0.7896; 0.7638; 0.3088,serene,-
image287,Components of a Vehicle,@celestial_harmony,"Dead Sea, Israel",hotel balcony,28,Just before sunrise,-,0.64,-,the components of a vehicle,components; vehicle; mechanics; motor; parts; replica; mechanical; mechanism; instrument; differential,0.7622; 0.7517; 0.2744; 0.2734; 0.2734; 0.2687; 0.2674; 0.2671; 0.2665; 0.2648,mysterious,-
image288,Woman in Red Coat,@tranquil_forest,"Chefchaouen, Morocco",empty classroom,32,First week of college,🍝,0.97,-,an of a woman in a red coat,coat; postcards; postcard; frontpage; sudan; brochure; editions; fares; poster,0.7406; 0.2664; 0.2657; 0.2645; 0.2635; 0.2621; 0.2596; 0.2594; 0.2581,warm,-
image289,List of Names,@timeless_echo,"Siwa Oasis, Egypt",dockside pier,34,During the blackout,🍝,-,-,a list of the names of people who have died,names; list; roster; lists; bibliography; listings; glossary; transcription; listing,0.7601; 0.2846; 0.2826; 0.2777; 0.2769; 0.2766; 0.274; 0.2714; 0.2698,serene,-
image29,Collage of Woman and Strawberry,@imaginative_eye,"Pingyao, China",on the rooftop,37,Autumn equinox,🍷,0.85,-,a collage of a woman and strawberry,collage; strawberry; quilt; stamps; postcards; postage; stamp; tract,0.7626; 0.7401; 0.2748; 0.257; 0.2542; 0.2536; 0.2532; 0.2523,serene,-
image290,Frog Standing in Front,@peridot_leaf,"Prague, Czech Republic",metro station,8,New Year's Eve 2010,-,0.92,-,a frog standing in front of an open door,door; standing; frog; front; builder; farmer; arnold; artist; sold; cowboy; worker; painted,0.7373; 0.723; 0.7176; 0.7014; 0.2586; 0.2544; 0.2531; 0.2477; 0.246; 0.2458; 0.2446; 0.2434,mysterious,-
image291,Person in Colorful Coat,@hidden_gem,"Sapa, Vietnam",hotel balcony,28,Summer solstice,☕,0.54,-,a person in a colorful coat,person; generated; ghost; render; synthetic; coat; human,0.2781; 0.2738; 0.2711; 0.269; 0.2687; 0.2686; 0.2683,whimsical,-
image292,Different Types of Waterproof,-,"Haifa, Israel",under the old oak tree,15,First week of college,-,0.94,-,the different types of waterproof liquid eyeliner,liquid; eyeliner; types; waterproof,0.7495; 0.7382; 0.7164; 0.3015,mysterious,-
image293,Poem Written with Person,@emerald_city,"Pingyao, China",park bench,4,The day we met,🍝,-,-,a poem written by person,person; poem; excerpt; annotation; transcription; transcript; translation; respondent; indexed; translations,0.703; 0.6984; 0.2555; 0.2487; 0.2443; 0.2438; 0.2425; 0.2412; 0.2403; 0.2399,serene,-
image294,Handwritten Letter from President,@chrysoprase_meadow,"Haifa, Israel",candlelit room,24,Early morning in August,🍝,0.98,-,a handwritten letter from the president of the united states,president; states; transcription; flyer; letter; correspondence; transcript; descriptions; listing; recipes,0.7044; 0.6894; 0.2735; 0.2667; 0.2653; 0.2604; 0.2586; 0.2582; 0.2576; 0.2575,mysterious,-
image295,Japanese Kimono in Blue,@mystical_path,"Siwa Oasis, Egypt",museum hallway,33,An endless Sunday,🍝,0.55,-,a japanese kimono in blue and white,kimono; cloth; defence; uni; defend; uniform; defense; japan,0.7783; 0.2746; 0.2727; 0.2712; 0.2672; 0.2649; 0.2627; 0.261,melancholic,-
image296,Words: God Bless Love,@background_noise,"Chefchaouen, Morocco",dockside pier,34,Summer solstice,🌙,0.66,-,the words god bless love,bless; pills; stickers; buttons; love; pray; beads; prayers; sticker,0.7521; 0.2658; 0.2658; 0.2643; 0.2642; 0.2628; 0.2621; 0.2618; 0.2605,mysterious,-
image297,Building with Green Doors,@cyan_sky,"Reykjavík, Iceland",kitchen table,11,The week before moving out,☀️,0.57,-,a building with green doors and windows,building; openings; installations; doors; hostels; windows; lightbox; workshops; installation,0.7282; 0.2695; 0.2661; 0.2655; 0.2635; 0.2632; 0.2616; 0.2595; 0.2583,whimsical,-
image298,Black and White House,@esoteric_wisdom,"Bariloche, Argentina",-,1,Summer solstice,🌙,0.99,"While listening to a podcast about cults, I started making this",a black and white of a house,house; cottages,0.7596; 0.3063,neutral,"While listening to a podcast about cults, I started making this"
image299,Pencil Drawing of Young Woman,@topaz_star,"Haifa, Israel",bridge at dusk,31,Worst birthday I've ever had,☀️,0.79,-,a pencil of a young woman,portrait; study; leslie; ana; korean; asian; portraits; vietnamese,0.2865; 0.2793; 0.2712; 0.2701; 0.2696; 0.2683; 0.2666; 0.265,mysterious,-
image3,Person Standing on Escalator,@fantasy_realm,"Vancouver, Canada",market square,21,Early spring 2005,🍝,1.0,-,a person standing on an escalator,escalator; person; tag; penis; hitachi; rail; prohibited; anal; knife; lift,0.7816; 0.7494; 0.2703; 0.2694; 0.2674; 0.2671; 0.2661; 0.2643; 0.2636; 0.2632,mysterious,-
image30,Group of People Standing,@topaz_star,"Reykjavík, Iceland",office desk corner,6,On my sister's wedding day,🍝,0.9,-,a group of people standing in front of a door,group; door; front; bookmarks; circus; costumes; mime; postcards; postcard; themselves; bookmark,0.7505; 0.7129; 0.7124; 0.2761; 0.2714; 0.2668; 0.2661; 0.266; 0.2649; 0.264; 0.2613,neutral,-
image300,Building with Birds Flying Above,@orange_sunset,"Kibbutz Ein Gedi, Israel",seashore rocks,27,Early spring 2005,🍷,0.54,-,a of a building with birds flying above it,birds; apartments; building; buildings; hostels; residence; apartment; berlin; villa,0.7343; 0.2862; 0.2845; 0.2818; 0.2799; 0.2791; 0.2787; 0.2771; 0.2767,neutral,-
image301,Ink and Pencil,@ambient_sound,"Valparaíso, Chile",secluded garden,23,Day after graduation,-,0.77,-,"ink, and pencil on",ink; markers; profiles; acrylic; study; bookmarks; ana; attempts,0.7436; 0.2856; 0.2846; 0.2793; 0.2771; 0.2742; 0.2713; 0.2695,neutral,-
image302,"Charcoal, Graphite, and Ink",@right_side_up,"Chefchaouen, Morocco",rain-soaked café,16,-,🍝,0.85,-,"charcoal, graphite, and ink on",charcoal; graphite; ink; face; faced; dried; mask; darkness; facing; shadow,0.8283; 0.8183; 0.7638; 0.2854; 0.2847; 0.2793; 0.2777; 0.2776; 0.2764; 0.2763,mysterious,-
image303,Mermaid and Octopus,@sapphire_blue,"Hallstatt, Austria",office desk corner,6,During the blackout,☀️,0.53,-,a of a mermaid and an octopus,mermaid; octopus; comics; cartoons; modes; goods; mpegs; annotated,0.7183; 0.6803; 0.2577; 0.2537; 0.2513; 0.2485; 0.2481; 0.2472,serene,-
image304,Three Children and a Dog,@aquamarine_wave,"Nara, Japan",train window seat,22,Early morning in August,-,0.87,-,three children and a dog,children; dog; portraits; markers; crop; teens; study,0.74; 0.6893; 0.2528; 0.2471; 0.2468; 0.2447; 0.2443,neutral,-
image305,Cat Sleeping on Table,@infinite_loop,"Haifa, Israel",during traffic in my car,10,Winter of '98,🌙,0.64,Scribbled it during a Zoom meeting I should've paid attention to,a cat sleeping on a table next to a potted plant,plants; arrangement; indoor; plant; veterinary; apartment; nursery,0.2703; 0.2688; 0.2681; 0.2675; 0.2669; 0.2628; 0.2628,neutral,Scribbled it during a Zoom meeting I should've paid attention to
image306,Pencil Drawing of Woman,@asteroid_belt,"Valparaíso, Chile",secluded garden,23,First snow of 2012,🌙,0.92,-,a pencil of a woman,marilyn; madonna; portrait; ana; actress; joan; portraits; drawn,0.278; 0.2731; 0.2724; 0.2708; 0.2655; 0.2643; 0.2641; 0.2635,mysterious,-
image307,Field with Grass and Trees,@foreground_focus,"Fez, Morocco",candlelit room,24,My last day at work,☕,0.94,-,a field of grass and trees,grass; trees; prairie; fields; plains; landscape; field; vincent; crop; landscapes,0.7586; 0.7577; 0.2955; 0.2918; 0.2866; 0.2852; 0.2835; 0.2796; 0.2777; 0.2759,mysterious,-
image308,Intriguing Visual Composition,@hidden_gem,"Zanzibar, Tanzania",train window seat,22,Middle of summer,-,0.62,-,An intriguing visual composition with distinctive artistic elements.,visual; composition; artistic,0.5; 0.4; 0.3,mysterious,-
image309,Human Skull,@surface_tension,"Kathmandu, Nepal",airport lounge,36,04/07/11,☕,0.6,-,a of a human skull,skull; bone; bones; tooth; teeth; fossil; reconstruction; study,0.808; 0.2751; 0.2732; 0.2725; 0.2677; 0.2666; 0.2638; 0.258,neutral,-
image31,Group of People on Tile,@center_stage,"Folegandros, Greece",during traffic in my car,10,Day after graduation,☕,0.95,"Sitting in traffic, I started creating on my phone",a group of people on a tile floor,group; floor; tile; poster; frontpage; annotated; flyer; composite; annotation; brochure; newsletter,0.7227; 0.6945; 0.6869; 0.2472; 0.2423; 0.2381; 0.2366; 0.2349; 0.2346; 0.2339; 0.2322,mysterious,"Sitting in traffic, I started creating on my phone"
image310,Two Cats Lounging on Couch,@blue_moon,"Acre, Israel",school hallway,5,One rainy afternoon,🍷,0.72,-,two cats lounging on a couch,couch; restoration; reconstruction; worldcat; vincent; cats; chat; widescreen,0.7335; 0.2675; 0.2615; 0.2551; 0.2529; 0.2501; 0.2486; 0.2478,mysterious,-
image311,Two Men Sitting on Couch,@lunar_tide,-,office desk corner,6,First snow of 2012,☀️,0.87,-,two men sitting on a couch,couch; men; audience; lectures; lecture; readers; counseling; sofa,0.7662; 0.7404; 0.2823; 0.2731; 0.269; 0.2687; 0.2672; 0.2659,mysterious,-
image312,Two People Sitting on Bench,@lunar_tide,"Valparaíso, Chile",secluded garden,23,On my sister's wedding day,🌙,0.57,-,two people sitting on a bench,bench; travelers; agents; characters; riders; group; trainers; cowboy; generations,0.7299; 0.2986; 0.2805; 0.2804; 0.2736; 0.2723; 0.2717; 0.2717; 0.2704,mysterious,-
image313,"Cat, Dog, and Man",@quartz_crystal,"Jaffa, Israel",hotel balcony,28,Midsummer night,🍷,-,-,"a of a cat, a dog, and a man",dog; characters; cartoons; entities; creatures; animals; draw; spirits,0.7181; 0.28; 0.2795; 0.2766; 0.2716; 0.2698; 0.269; 0.2676,mysterious,-
image314,Woman with Her Arms Up,@yellow_bird,"New York, USA",library window,30,Third week of lockdown,-,0.75,-,a of a woman with her arms up in the air,arms; air; anatomy; arm; process; proportion; study; spine; progress,0.7648; 0.7414; 0.2783; 0.2702; 0.2677; 0.2676; 0.2667; 0.2666; 0.2665,serene,-
image315,Pencil Drawing of Woman’s Profile,@arcane_symbol,"New York, USA",bridge at dusk,31,Midsummer night,🍷,0.51,-,a pencil of a woman's profile,profile; portrait; greek; study; portraits; salvador; profiles; preliminary,0.7649; 0.2843; 0.2782; 0.2722; 0.271; 0.2672; 0.2671; 0.2666,mysterious,-
image316,Man and Woman Cover,@eternal_flame,"Masada, Israel",dockside pier,34,The day the power went out,🍝,0.99,-,a of a man and woman on the cover of an open,notes; pen; characters; pilot; planner; agenda; isaac,0.2783; 0.2654; 0.2647; 0.2644; 0.2636; 0.2633; 0.2627,serene,-
image317,Man Sitting in Chair,@golden_hour,"Cusco, Peru",hotel balcony,28,Third week of lockdown,🍷,0.62,-,a of a man sitting on a chair,chair; ana; traditional; study; emperor; vendor; tribal; pen; artist,0.7301; 0.2723; 0.2632; 0.2626; 0.2623; 0.2609; 0.26; 0.2591; 0.2587,serene,-
image318,Birthday Cake with Candles and Balloons,@mood_swing,"Kathmandu, Nepal",library window,30,31/12/07,-,0.95,-,"a birthday cake, candles, and balloons",candles; balloons; restaurants; cookbook; chef; foods; cakes; cake,0.7223; 0.7217; 0.2616; 0.2599; 0.2564; 0.2561; 0.2558; 0.2557,neutral,-
image319,Woman Walking Dog with Note,@galaxy_whisper,"Pingyao, China",under the old oak tree,15,First week of college,🌙,0.9,-,a of a woman walking a dog and a note in hebrew,note; hebrew; dog; poem; pen; poet; wrote; notes; written; annotated,0.7591; 0.7555; 0.7142; 0.2716; 0.2694; 0.267; 0.2655; 0.2642; 0.2627; 0.2606,mysterious,-
image32,Collage with Ink,@infinite_loop,"Goa, India",balcony at sunset,14,The day we met,☀️,0.97,-,"collage, and ink on",ink; collage; virus; rendered; piece; heart; acrylic; iron; preliminary; card,0.7424; 0.7383; 0.2692; 0.2645; 0.2636; 0.2628; 0.2627; 0.2625; 0.2623; 0.2613,warm,-
image320,Woman with Long Hair and Flower,@feeling_tone,"Chefchaouen, Morocco",attic room,12,Night of the eclipse,🍝,0.92,Painted on a napkin during lunch break,a woman with long hair and a flower in her hair,hair; flower; diana; belle; renaissance; helena; angel; concord; jane; pale,0.7357; 0.7058; 0.2796; 0.2777; 0.2733; 0.2628; 0.2623; 0.2612; 0.2608; 0.2606,mysterious,Painted on a napkin during lunch break
image321,Head of a Rooster,-,"Nazareth, Israel",airport lounge,36,Midsummer night,-,0.77,-,the head of a rooster,rooster; head; chicken; poultry; chick; cock; chicks; cocks; guinea; livestock,0.7973; 0.7277; 0.2904; 0.2902; 0.2829; 0.2809; 0.2689; 0.2652; 0.2644; 0.2619,mysterious,-
image322,Bear Sitting in Grass,@outside_in,"Jerusalem, Israel",laundromat corner,29,The day we met,☀️,0.99,-,a bear sitting in the grass,grass; sitting; bear; bears; polar; wildlife; beaver; teddy; artist; drawn,0.7198; 0.707; 0.287; 0.2711; 0.2626; 0.2511; 0.2482; 0.2477; 0.2425; 0.241,neutral,-
image323,Boar and Pig,@solar_flare,"Venice, Italy",market square,21,The festival weekend,-,0.52,-,a of a boar and a pig,boar; pig; livestock; bears; logging; mounts; bear; preliminary,0.7699; 0.7579; 0.2661; 0.2634; 0.2621; 0.2611; 0.261; 0.2608,neutral,-
image324,Group of Different Bugs,@diamond_dust,"Reykjavík, Iceland",on the rooftop,37,Early spring 2005,🌙,0.83,-,a group of bugs in different poses,bugs; group; poses; reconstruction; madagascar; antibodies; restoration; organisms; insects; antibody; bikes,0.755; 0.7394; 0.7309; 0.2696; 0.2663; 0.2658; 0.2658; 0.2648; 0.2642; 0.2587; 0.2582,neutral,-
image325,Pig’s Eyes and Nose,@brown_bear,"Athens, Greece",dockside pier,34,Midnight in April,-,0.63,-,"the pig's eyes, nose, and mouth",eyes; mouth; pig; cow; dog; lamb; ham; pet; edgar,0.7338; 0.7277; 0.2971; 0.2951; 0.2816; 0.2748; 0.274; 0.2701; 0.2695,serene,-
image326,Black and White Woman Leaning,@comet_trail,"Kathmandu, Nepal",airport lounge,36,The hottest day of the year,🍝,0.87,-,a black and white of a woman leaning against a wall,wall; bondage; depression; voyeur; vulnerable; leg; long; hunger,0.7372; 0.2702; 0.2683; 0.2633; 0.2628; 0.2614; 0.2612; 0.2612,neutral,-
image327,Reflection in Car,@arcane_symbol,"Goa, India",desert roadside,18,The day we met,🍷,0.81,-,the reflection of a car in a puddle on a city street,puddle; street; city; reflection; intersection; velocity; drive; accident; cars; car; environments; taxi,0.7547; 0.747; 0.7454; 0.725; 0.2692; 0.2638; 0.2561; 0.2556; 0.2551; 0.2549; 0.2548; 0.2545,mysterious,-
image328,"Monster, Cat, and Dog",@feeling_tone,"Zanzibar, Tanzania",laundromat corner,29,Third week of lockdown,☀️,0.64,-,"a of a monster, a cat, and a dog",monster; dog; chaos; hardcover; organisms; abstract; folder; molecules; complexity,0.7379; 0.7334; 0.2698; 0.2639; 0.2636; 0.2636; 0.2625; 0.2615; 0.2613,chaotic,-
image329,Large Black Object,@ruby_heart,"Valparaíso, Chile",seashore rocks,27,31/12/07,🍷,0.51,-,a large black object in the middle of a white room,object; middle; room; cylinder; lab; prototype; instrumentation; instrument; antenna; laboratory; apparatus,0.7372; 0.705; 0.6861; 0.2487; 0.2484; 0.248; 0.2428; 0.2426; 0.2412; 0.2411; 0.2402,neutral,-
image33,Woman with Large Head of Hair,@found_poetry,"Dead Sea, Israel",riverbank,20,31/12/07,-,0.83,-,a of a woman with a large head of hair,head; hair; turtle; preliminary; tractor; clouds; mold; agriculture; arts,0.708; 0.7018; 0.258; 0.258; 0.2568; 0.2564; 0.2528; 0.2523; 0.251,neutral,-
image330,Various Animals and Plants,@tanzanite_night,"Tiberias, Israel",secluded garden,23,Autumn equinox,🍷,0.71,-,of various animals and plants in a spiral,animals; plants; spiral; biodiversity; mapping; generated; cursor; compiled; catalogue; interactive; quilt,0.7343; 0.7184; 0.7176; 0.2631; 0.2553; 0.255; 0.2505; 0.2498; 0.2497; 0.2491; 0.2489,chaotic,-
image331,Submarine in the Ocean,@tanzanite_night,"New York, USA",library window,30,Early morning in August,🍷,0.98,-,a submarine in the ocean,submarine; ocean; detector; aquarium; restoration; cod; scuba; sea; reconstruction; fisheries,0.8019; 0.7537; 0.2738; 0.2709; 0.2704; 0.2698; 0.2672; 0.2653; 0.2647; 0.2622,serene,-
image332,Carhartt Fall/Winter Collection,@meditation_room,"Oaxaca, Mexico",in bed at midnight,38,The week before moving out,☕,0.6,-,carhartt's fall/winter collection,carhartt; fallwinter; collection; acne; apparel; editorials; uniform; fleece; medline; supreme; herbs,0.7641; 0.7246; 0.706; 0.2762; 0.2527; 0.2519; 0.2516; 0.2504; 0.2503; 0.2498; 0.2495,serene,-
image333,State AI,@gentle_breeze,"Mitzpe Ramon, Israel",bridge at dusk,31,An endless Sunday,🍝,0.67,-,the state of ai in design,state; designers; design; designed; interfaces; api; interactive; designing; ati,0.6366; 0.247; 0.2376; 0.2367; 0.2354; 0.2337; 0.2299; 0.2284; 0.2282,chaotic,-
image334,Signature Romhenin,@divine_light,"Acre, Israel",dockside pier,34,Middle of summer,-,0.96,-,the signature of roman henin and poppin,signature; henin; roman; poppin; brochure; signatures; flyer; catalog; programme; catalogue; hotmail; menus,0.7744; 0.7431; 0.7393; 0.6945; 0.2913; 0.2837; 0.283; 0.2826; 0.2786; 0.2758; 0.2756; 0.2752,mysterious,-
image336,Interior of Building,@back_story,"Cusco, Peru",museum hallway,33,31/12/07,🍷,0.73,-,the interior of a building with a large object in the middle,object; building; middle; interior; manufacturing; manufacture; modules; printing; cylinder; polymer; generators; manufacturers,0.725; 0.7062; 0.7055; 0.6925; 0.2597; 0.2548; 0.2535; 0.2512; 0.2497; 0.2488; 0.2448; 0.2444,neutral,-
image337,Woman’s Face Reflected in Water,@pink_flamingo,"Kibbutz Ein Gedi, Israel",in bed at midnight,38,31/12/07,🍝,0.53,-,a woman's face reflected in water,face; poster; rivers; water; swim; scanned; latitude; waters; peripheral,0.7347; 0.2602; 0.256; 0.2558; 0.2529; 0.2523; 0.2512; 0.251; 0.2501,serene,-
image34,Collage in Mixed Media,@neon_dreamer,"Caesarea, Israel",candlelit room,24,Halloween night,🌙,0.94,-,"collage, and mixed media",collage; media; amber; portrait; fig; marilyn; sun; dot; eleven; julia,0.7336; 0.7133; 0.2643; 0.2594; 0.2587; 0.2578; 0.2562; 0.2543; 0.2541; 0.2537,serene,-
image340,Alien with Red Eyes,@artistic_soul,"Jaffa, Israel",bus seat,7,Night of the eclipse,🌙,0.8,-,a of an alien with red eyes,eyes; eye; inkjet; alien; untitled; perry; fish; patient; eyed,0.7504; 0.2751; 0.2634; 0.2626; 0.2625; 0.2615; 0.2615; 0.261; 0.2603,warm,-
image342,Man with His Mouth Open,@ambient_sound,"Siwa Oasis, Egypt",secluded garden,23,After the last train,☀️,-,-,a of a man with his mouth open and eyes closed,mouth; eyes; flu; prozac; mph; anger; acid; him; mac; angry,0.7672; 0.7264; 0.2754; 0.2742; 0.2707; 0.2695; 0.2693; 0.268; 0.268; 0.268,serene,-
image343,Black and White Hat,@amber_glow,"Berlin, Germany",backstage dressing room,25,The hottest day of the year,☕,0.83,-,a black and white of a hat,hat; card; ticket; object; correspondence; inner; tent; tract; label,0.7262; 0.2623; 0.2608; 0.2594; 0.2592; 0.2569; 0.2566; 0.2564; 0.2564,neutral,-
image344,Man in Red Shirt,@emotional_landscape,"Bariloche, Argentina",market square,21,Third week of lockdown,🍝,0.98,-,a man in a red shirt,shirt; wiley; chance; portrait; acrylic; paint; red; anti; xxx,0.7213; 0.2977; 0.2859; 0.2795; 0.2786; 0.2781; 0.2745; 0.2743; 0.2737,warm,-
image345,Trees and Sky,@diamond_dust,"Rosh Hanikra, Israel",desert roadside,18,-,🌙,0.63,-,"trees, sky, and",sky; winter; snow; trees; landscape; seasons; landscapes; terrain; frost,0.7045; 0.2805; 0.2667; 0.2661; 0.2649; 0.2638; 0.2606; 0.2592; 0.2591,serene,-
image346,Skeleton Reading a Book,@shadow_whisper,"Goa, India",airport lounge,36,The festival weekend,🍷,0.69,-,a skeleton reading a book,skeleton; book; defence; defense; patrol; bones; defend; acrylic; raid; verde,0.7835; 0.7361; 0.2907; 0.2841; 0.2769; 0.2766; 0.2758; 0.2739; 0.2738; 0.2735,serene,-
image347,Woman Holding Spear and Angel,@orange_sunset,"Masada, Israel",-,1,Middle of summer,🍝,0.91,-,a woman holding a spear and an angel with wings,spear; angel; angels; angeles; preliminary; wings; devil; spirits,0.7288; 0.294; 0.2751; 0.2743; 0.2687; 0.2656; 0.2653; 0.2649,neutral,-
image348,Green Alien with Mustache,@aurora_borealis,"New Orleans, USA",empty classroom,32,Just before sunrise,☀️,0.64,-,a green alien with a mustache,alien; mustache; aaa; patrol; worm; frog; verde; peas; wall; turtle,0.7644; 0.7417; 0.2909; 0.2893; 0.282; 0.2803; 0.2781; 0.2778; 0.2758; 0.2745,cool,-
image349,Two Nuns Holding Light,@pearl_moon,"Tiberias, Israel",candlelit room,24,21/09/99,☕,0.72,-,two nuns holding a light saber,nuns; saber; chef; dispute; nurses; scientists; sas; dentists; physicians; oil,0.8001; 0.6822; 0.296; 0.2787; 0.2728; 0.2722; 0.272; 0.2719; 0.269; 0.2689,whimsical,-
image35,Ink Collage,@meteor_shower,"Samarkand, Uzbekistan",airport lounge,36,Just before sunrise,☕,-,-,"ink, and collage",ink; collage; fruit; berry; fruits; seed; produce; fig; cherry; blackberry,0.7239; 0.7148; 0.2794; 0.278; 0.2754; 0.2682; 0.2676; 0.2627; 0.26; 0.2589,dark,-
image350,Woman’s Face and Eyes,@silent_storm,"New Orleans, USA",forest clearing,35,15/05/23,🍝,0.94,Tried to draw a cat but it turned into something else,a woman's face with her eyes closed,face; eyes; infant; sleeping; mother; carmen; vincent; relief; acrylic,0.7464; 0.6963; 0.2656; 0.2646; 0.2632; 0.2626; 0.2619; 0.2618; 0.2591,serene,Tried to draw a cat but it turned into something else
image351,Seagull,@lost_art,"Tel Aviv, Israel",mountain lookout,19,21/09/99,🌙,0.6,-,a seagull on a of,seagull; penguin; bird; artist; pierre; birds; cock; maine; verzeichnis,0.7844; 0.29; 0.2617; 0.2603; 0.2592; 0.2564; 0.2558; 0.2549; 0.2544,mysterious,-
image352,Two Women Kissing,@nomadic_heart,"Kathmandu, Nepal",toilet,2,Worst birthday I've ever had,🌙,0.91,-,two women kissing each other,women; kissing; lovers; detail; passion; oils; morrison; intimate; vulnerability,0.7313; 0.2678; 0.2578; 0.2553; 0.2546; 0.2532; 0.2529; 0.2504; 0.25,serene,-
image353,Cup of Coffee and Book,@spiritual_journey,"Athens, Greece",metro station,8,The festival weekend,🌙,0.51,-,"a cup of coffee, a book and a slice of lemon",slice; lemon; book; coffee; cup; dishes; cafe; pottery; cups; tea; housewares,0.7396; 0.7282; 0.7153; 0.2807; 0.2775; 0.275; 0.2739; 0.2682; 0.267; 0.2651; 0.262,serene,-
image354,Group of Cats,@zen_garden,"Acre, Israel",hotel balcony,28,On my sister's wedding day,🍷,0.93,-,a group of cats in different colors,colors; group; cats; acrylic; worldcat; titten; kits; mae; gathered,0.7575; 0.7334; 0.281; 0.2742; 0.2731; 0.2688; 0.2635; 0.2631; 0.2595,warm,-
image355,Colorful Abstract on White Wall,@left_field,"Chefchaouen, Morocco",toilet,2,The day we met,🌙,0.57,-,a colorful abstract on a white wall,wall; abstract; bookmarks; bookmark; panel; banners; rugs; bicycle; receptor; decorative,0.7285; 0.7276; 0.2671; 0.252; 0.2456; 0.2455; 0.2443; 0.244; 0.2433; 0.2425,whimsical,-
image356,Koi Fish and Lily Pads,@shadow_whisper,"Masada, Israel",seashore rocks,27,15/05/23,🍝,-,-,"a koi fish, lily pads, and water lilies in a circular frame",koi; lilies; water; pads; seal; crest; pike; symbol; fish; badge; fisher; thesaurus,0.7757; 0.7202; 0.7134; 0.7005; 0.2877; 0.2742; 0.2713; 0.2661; 0.2651; 0.2621; 0.2599; 0.2582,neutral,-
image357,Group Walking Down Street,@obsidian_void,"Samarkand, Uzbekistan",bar counter,9,Before the big storm,🍝,0.96,-,a group of people walking down the street,street; group; exhibitions; widescreen; brooklyn; boulevard; sold; seller; prints; poster,0.7315; 0.6926; 0.2475; 0.2445; 0.2424; 0.2417; 0.2405; 0.2392; 0.2388; 0.2388,mysterious,-
image358,Young Girl Holding Rabbit,@infinite_loop,"Venice, Italy",candlelit room,24,After the last train,-,-,-,a young girl holding a rabbit,girl; infant; rabbit; bunny; acrylic; child; lamb; sold; easter,0.7405; 0.2868; 0.2841; 0.2765; 0.2664; 0.2652; 0.2632; 0.2627; 0.2611,mysterious,-
image359,Man in Tank Top,@magenta_rose,"Budapest, Hungary",park bench,4,Early morning in August,☀️,0.6,-,a of a man in a tank top,top; tank; acrylic; painted; nudity; pac; wall; paint; markers,0.7257; 0.7198; 0.271; 0.2614; 0.2539; 0.2524; 0.2523; 0.2514; 0.2512,mysterious,-
image36,Black Man with Afro Hairstyle,@mystic_fog,"Vancouver, Canada",mountain lookout,19,Early spring 2005,-,0.92,-,a black man with an afro hairstyle,afro; hairstyle; wiley; leonard; portrait; rwanda; animated; portraits; sudan; stanley,0.7754; 0.7392; 0.2782; 0.269; 0.2673; 0.2643; 0.264; 0.2639; 0.2622; 0.262,dark,-
image360,Landscape with Power Lines,@feeling_tone,"Bariloche, Argentina",during traffic in my car,10,Summer solstice,☀️,0.51,-,"a landscape, power lines, and an electrical substation",landscape; substation; lines; power; backgrounds; process; study; finishing; preliminary; environments; progress,0.7494; 0.7186; 0.7039; 0.6968; 0.2701; 0.2653; 0.2605; 0.2577; 0.2568; 0.2564; 0.2559,neutral,-
image361,Group Holding Hands,@gray_wolf,"San Francisco, USA",on the rooftop,37,Just before sunrise,-,0.91,-,a group of people holding hands in the shape of a circle,hands; group; shape; partition; falling; mobility; animation; bondage; fell; diagram,0.721; 0.7096; 0.7078; 0.2458; 0.2441; 0.2427; 0.2397; 0.2385; 0.2376; 0.2375,serene,-
image362,Woman Standing in Open,@zircon_spark,"Caesarea, Israel",library window,30,15/05/23,☕,0.92,-,"a woman standing in front of an open door, surrounded by various objects",objects; door; front; nursery; rooms; entities; precipitation; gathered; particles; winter; threshold,0.7439; 0.7192; 0.7032; 0.2561; 0.2555; 0.2531; 0.2524; 0.2513; 0.2513; 0.2488; 0.2482,warm,-
image363,Hand and Clock,@zircon_spark,-,library window,30,Summer solstice,🍝,0.89,-,a of a hand and a clock on the easel,easel; hand; clock; process; backgrounds; frame; processes; terrain; preliminary; projects; layout,0.761; 0.7336; 0.7172; 0.2613; 0.2578; 0.2525; 0.2522; 0.2507; 0.2501; 0.2501; 0.2501,mysterious,-
image364,Woman Holding Paintbrush,@concrete_dreams,"Chefchaouen, Morocco",by the fireplace,13,New Year's Eve 2010,-,0.8,-,a woman holding a paintbrush,paintbrush; preliminary; process; rendered; painted; begun; progress; creating; attempting,0.7069; 0.2628; 0.2618; 0.2557; 0.2518; 0.2507; 0.2505; 0.2493; 0.2487,warm,-
image365,Woman Wearing Turban,@crystal_echo,"Hoi An, Vietnam",candlelit room,24,Winter of '98,🌙,0.91,-,a of a woman wearing a turban,turban; ana; portrait; caroline; vendor; portraits; anne; jane,0.7544; 0.2563; 0.2493; 0.2475; 0.2472; 0.2444; 0.2441; 0.2434,mysterious,-
image366,Face of Young Girl,@heliodor_sun,"Marrakesh, Morocco",bus seat,7,Autumn equinox,🍝,0.82,-,the face of a young girl,girl; acrylic; face; asian; portrait; study; expression; faced,0.7556; 0.2745; 0.2719; 0.2693; 0.2677; 0.2652; 0.2634; 0.2633,mysterious,-
image367,Man Sitting at Table with Woman,@center_stage,"Reykjavík, Iceland",hidden alleyway,26,31/12/07,🍝,0.72,-,a man sitting at a table with a woman and two children,table; children; kitchen; dining; fireplace; cooking; cook; backgrounds; cookbook; chamber,0.7481; 0.7135; 0.2605; 0.2602; 0.2582; 0.2569; 0.2562; 0.2557; 0.2554; 0.2552,mysterious,-
image368,Tissue Box,@planet_blue,"Oaxaca, Mexico",bus seat,7,Third week of lockdown,☕,0.91,-,a tissue in a box,tissue; shoe; box; shoes; bed; prototype; bag; sofa; boxes,0.7585; 0.2931; 0.2815; 0.2772; 0.2746; 0.2745; 0.272; 0.2716; 0.2702,neutral,-
image369,Pencil Head on Pedestal,@background_noise,"Hallstatt, Austria",balcony at sunset,14,31/12/07,-,0.67,-,a pencil of a head on a pedestal,head; pedestal; apollo; piece; sculpture; study; alexander; face; faces,0.756; 0.7555; 0.2816; 0.2655; 0.2651; 0.2647; 0.2642; 0.264; 0.2637,neutral,-
image37,Christmas Tree Ornaments and Envelope,@timeless_echo,"Marrakesh, Morocco",balcony at sunset,14,Midsummer night,🍝,0.5,-,"a christmas tree, ornaments, and an envelope",ornaments; christmas; tree,0.7737; 0.7709; 0.3106,serene,-
image370,Paint It,@aurora_borealis,"Kibbutz Ein Gedi, Israel",library window,30,Worst birthday I've ever had,🍷,0.78,-,a of with paint on it,paint; letter; correspondence; card; catalog; folder; stationery; publication,0.7535; 0.2815; 0.2801; 0.2762; 0.2734; 0.2731; 0.2719; 0.2699,serene,-
image371,Variety of Objects Including Flowers,@fantasy_realm,"Berlin, Germany",under the old oak tree,15,Worst birthday I've ever had,-,0.97,-,"a variety of objects, including flowers, bees, and other items",items; variety; bees; flowers; objects; pins; shapes; mexico; arizona; stickers; designs,0.7562; 0.7482; 0.7439; 0.7234; 0.2795; 0.2726; 0.2715; 0.266; 0.2631; 0.2602; 0.2599,mysterious,-
image372,Book with Various Animals,@eternal_flame,"Nara, Japan",train window seat,22,Last June,🌙,0.86,-,a book with of various animals,book; animals; catalogue; catalog; stickers; hardcover; manuals; stamps; catalogs,0.7251; 0.7114; 0.2692; 0.2656; 0.2619; 0.2594; 0.2593; 0.2573; 0.2554,mysterious,-
image373,"Alien, Bird, and Cat",@nomadic_heart,"Athens, Greece",bar counter,9,First week of college,🍝,0.99,-,"a of an alien, a bird, and a cat",bird; alien; variations; exhibitions; abstracts; configurations; variation; oils; prints,0.7198; 0.7139; 0.2844; 0.2754; 0.2731; 0.2722; 0.2675; 0.2659; 0.2649,serene,-
image374,Series of People,@peridot_leaf,"Takayama, Japan",mountain lookout,19,04/07/11,🍝,-,-,a series of of people in different colors,colors; series; thermal; scanning; lcd; infrared; scanner; negative; sensor; camcorder,0.7428; 0.7366; 0.2924; 0.2832; 0.2788; 0.2743; 0.2743; 0.2732; 0.2693; 0.2691,warm,-
image375,Woman and Child,@gray_wolf,"Montreal, Canada",-,1,Full moon in March,☕,0.62,-,a of a woman and a child,child; costumes; costume; cats; pants; overall; rabbit; knit; animation,0.7625; 0.2907; 0.2835; 0.2753; 0.2737; 0.2711; 0.2691; 0.269; 0.2689,mysterious,-
image376,Woman Wearing Hat and Scarf,@depth_of_field,"Amsterdam, Netherlands",desert roadside,18,15/05/23,☕,0.8,-,a woman wearing a hat and scarf,hat; scarf; detail; lid; patient; sellers; porter; vendor; seller,0.7559; 0.71; 0.2672; 0.264; 0.2632; 0.2624; 0.2618; 0.2615; 0.2615,mysterious,-
image377,Faces of Two Men,@spiritual_journey,"Haifa, Israel",train window seat,22,Halloween night,🍝,0.68,-,the faces of two men in japanese,men; news; newspaper; frontpage; magazine; article; nylon; goto; sanyo,0.7049; 0.2883; 0.2765; 0.2734; 0.2705; 0.2687; 0.2595; 0.2559; 0.2546,serene,-
image378,Hand and Finger,@shallow_waters,"Athens, Greece",school hallway,5,Just before sunrise,☀️,0.87,-,a of a hand with a finger on it,hand; finger; continent; letter; plan; angola; appendix; documents; ind; palestine,0.7462; 0.7361; 0.2812; 0.2722; 0.2721; 0.2677; 0.2664; 0.2643; 0.2629; 0.2622,mysterious,-
image379,Woman Sitting Under Tree,@ethereal_beauty,"Berlin, Germany",backstage dressing room,25,Third week of lockdown,☀️,0.62,-,a woman sitting under a tree,tree; prairie; publication; brochure; reprint; poems; apache; tribes; flyer,0.73; 0.2683; 0.2526; 0.2519; 0.2506; 0.2481; 0.2453; 0.2443; 0.2442,mysterious,-
image38,Interior of Large Room,@imaginative_eye,"Caesarea, Israel",on the rooftop,37,An endless Sunday,-,0.73,-,the interior of a large room with blue walls,room; walls; interior; studios; speakers; microphone; recordings; studio; chamber; vocals; speaker,0.7198; 0.7179; 0.6981; 0.2568; 0.255; 0.2543; 0.2517; 0.2494; 0.2492; 0.2469; 0.2466,melancholic,-
image380,Man on Horseback in Desert,@moon_phase,"Oaxaca, Mexico",forest clearing,35,Just before sunrise,🌙,0.98,-,a man on horseback in the desert,desert; horseback; cannon; telescope; screenshot; animation; navigation; explorer; battlefield; rpg,0.7337; 0.7334; 0.2592; 0.2518; 0.2501; 0.2491; 0.2468; 0.2458; 0.2447; 0.2438,serene,-
image381,Child’s Face on Billboard,@concrete_dreams,-,abandoned warehouse,17,Last June,🌙,0.55,-,a child's face on a billboard in a subway station,billboard; subway; child; face; millions; advert; million; screen; advertising; advertisements; billion; emacs,0.7323; 0.7303; 0.7; 0.686; 0.2699; 0.263; 0.2609; 0.2585; 0.2553; 0.2548; 0.253; 0.2483,neutral,-
image382,Black and White Monster,@front_line,"Sapa, Vietnam",during traffic in my car,10,Worst birthday I've ever had,☕,0.65,-,a black and white of a monster,monster; freebsd; sun; sol; creature; permalink; anger; animation; griffin,0.7524; 0.2684; 0.2671; 0.2662; 0.2655; 0.264; 0.2632; 0.2631; 0.261,neutral,-
image383,Jellyfish Suspended in Air,@transcendent_moment,"Sapa, Vietnam",balcony at sunset,14,Full moon in March,-,0.86,-,a jellyfish suspended in the air,jellyfish; air; sculpture; telecharger; computer; installation; ethernet; wiring; computation; exhibit,0.7803; 0.7295; 0.2889; 0.2834; 0.2834; 0.2832; 0.2794; 0.2792; 0.2785; 0.2782,serene,-
image384,Variety of Red Objects,@meteor_shower,"San Francisco, USA",secluded garden,23,Full moon in March,🌙,0.84,-,"a variety of objects in red, blue and white",objects; variety; rain; precipitation; prints; backgrounds; waterproof; showers; cells,0.7405; 0.7192; 0.282; 0.2806; 0.2729; 0.2702; 0.2692; 0.2691; 0.2678,melancholic,-
image385,Man and Woman Sitting on Bench,@gentle_breeze,"Nazareth, Israel",-,1,Winter of '98,🌙,0.86,-,a of a man and a woman sitting on a bench,bench; notes; artist; tiger; untitled; tigers; poet,0.6877; 0.2549; 0.2503; 0.247; 0.2445; 0.2443; 0.2433,neutral,-
image386,Hand Holding Embroidery,-,"Nazareth, Israel",dockside pier,34,Third week of lockdown,🌙,0.73,-,a person's hand holding an embroidery needle with an eye drawn on it,embroidery; person; hand; needle; eye; examined; pupils; examining; object; britannica; patents; eyes,0.7208; 0.7182; 0.7129; 0.6902; 0.2765; 0.2663; 0.2561; 0.253; 0.25; 0.2499; 0.2477; 0.2477,mysterious,-
image387,Shadow of Joshua Tree,@constellation_map,"Vancouver, Canada",school hallway,5,My last day at work,🍝,0.83,-,the shadow of a joshua tree,shadow; joshua; pine; palm; tree; trees; branch; desert; branches; trunk,0.7219; 0.7177; 0.2768; 0.2728; 0.2723; 0.271; 0.2656; 0.2624; 0.2594; 0.2588,dark,-
image388,Man in Suit and Tie,@sacred_space,"Sapa, Vietnam",during traffic in my car,10,Autumn equinox,☕,0.66,-,a of a man in a suit and tie,tie; suit; count; alfred; angry; butler; clerk; logan; principal; anger,0.7433; 0.7389; 0.2854; 0.2817; 0.2802; 0.2767; 0.2749; 0.2742; 0.2736; 0.2729,warm,-
image389,Woman with Sunglasses and Speech Bubble,@esoteric_wisdom,"Acre, Israel",candlelit room,24,First week of college,☀️,0.63,-,a of a woman with sunglasses and a speech bubble,sunglasses; speech; bubble; hide; phrase; brain; alien; referenced; hearing; pearl; thing,0.7609; 0.7414; 0.7292; 0.2696; 0.2691; 0.2649; 0.2647; 0.2633; 0.2621; 0.262; 0.2619,neutral,-
image39,Flower on Beach with Man Lying,@abstract_mind,"Lisbon, Portugal",dockside pier,34,Summer solstice,☀️,0.99,-,"a flower, a beach, and a man laying on the ground",flower; ground; beach; albums; seasons; vessels; album; varied; bloom; influences; publications,0.737; 0.7032; 0.6924; 0.2732; 0.2627; 0.2617; 0.2604; 0.2595; 0.2589; 0.2572; 0.2534,mysterious,-
image390,Man with Bow Tie,@cosmic_dance,"Bariloche, Argentina",beach,3,31/12/07,☀️,0.65,-,a of a man with a bow tie,bow; tie; alfred; marshall; holmes; bernard; vincent; karl; mitchell; clerk,0.7116; 0.7017; 0.2719; 0.2642; 0.2625; 0.2615; 0.2614; 0.261; 0.2599; 0.2566,warm,-
image391,Man Wearing Blue Track Jacket,@surface_tension,-,dockside pier,34,An endless Sunday,🌙,0.71,-,a man wearing a blue track jacket and green cargo pants,cargo; pants; track; fleece; navy; jacket; outer; clothing; seller; coat; ordered,0.7293; 0.7246; 0.715; 0.28; 0.2692; 0.2674; 0.2617; 0.257; 0.2569; 0.2562; 0.2553,cool,-
image392,Girl with Glasses,@quartz_crystal,"Marrakesh, Morocco",riverbank,20,Winter break,-,0.65,-,a of a girl with glasses,glasses; pearl; sally; marina; jackie; specs; draws; girl,0.2818; 0.2792; 0.2736; 0.2708; 0.27; 0.2691; 0.269; 0.2684,mysterious,-
image393,Man in Chef’s Hat Holding,@meteor_shower,"Ubud, Indonesia",market square,21,Worst birthday I've ever had,🌙,-,-,a of a man in a chef's hat holding a frying pan,pan; frying; cooking; chef; butler; baking; cook; cookbook; catering; thumbnail,0.7376; 0.7216; 0.2697; 0.2694; 0.2668; 0.2666; 0.2602; 0.2566; 0.2513; 0.2484,mysterious,-
image394,Man in Suit and Tie,@peaceful_mind,"Reykjavík, Iceland",rain-soaked café,16,The day we met,🌙,0.65,-,a of a man in a suit and tie,suit; principal; professor; mailman; tie; teeth; mayor; attorney; him,0.7631; 0.2725; 0.2719; 0.2718; 0.2683; 0.268; 0.2674; 0.2671; 0.2668,mysterious,-
image395,Girl with Green Hair,-,"Valparaíso, Chile",museum hallway,33,Day after graduation,🌙,0.67,-,a of a girl with green hair and blue eyes,eyes; hair; girl; glance; face; portrait; markers; facing; drawn,0.7438; 0.729; 0.275; 0.2692; 0.2684; 0.267; 0.2657; 0.2654; 0.2635,cool,-
image396,"Cat, Bird, and Pig",@sacred_space,"Amsterdam, Netherlands",school hallway,5,The day we met,-,0.6,-,"a of a cat, a bird and a pig",bird; pig; penguin; cats; chat; pen; birds; animals; notes,0.7537; 0.7339; 0.2887; 0.2687; 0.2611; 0.2607; 0.2602; 0.2595; 0.2595,neutral,-
image397,People with Skateboarder,@found_poetry,"Acre, Israel",backstage dressing room,25,04/07/11,🌙,0.6,-,"a a of people, and an of a skateboarder",skateboarder; characters; stories; notes; markers,0.7269; 0.2512; 0.2509; 0.2494; 0.2482,serene,-
image398,Black and White Clock,@indigo_night,"Ubud, Indonesia",empty classroom,32,Halloween night,🍝,0.87,-,a black and white clock with numbers on it,number; numbers; coordinates; numeric; numerical; symbol; solve; clock,0.2902; 0.2829; 0.2821; 0.2818; 0.2777; 0.2761; 0.2756; 0.2737,neutral,-
image399,Collage of People and Animals,@depth_of_field,"Tel Aviv, Israel",during traffic in my car,10,Before the big storm,🍝,0.73,-,a collage of people and animals,collage; animals; prints; arts; faces; markers; influences; process,0.7634; 0.7087; 0.252; 0.2507; 0.2495; 0.2495; 0.2483; 0.2476,mysterious,-
image4,Woman and Man,@sublime_vision,"Reykjavík, Iceland",hotel balcony,28,Worst birthday I've ever had,☕,0.61,-,a of a woman and a man,abstracts; signature; signatures; forms; lines; abstract; nodes; neural,0.2693; 0.2668; 0.2626; 0.2586; 0.2575; 0.2568; 0.2564; 0.2561,neutral,-
image40,Some Different Types,@white_rabbit,"Masada, Israel",market square,21,21/09/99,🌙,0.96,-,some of the different types of calligraphy,calligraphy; types; numeric; coordinates; numerical; label; isbn; sequences; stamp; fonts,0.7729; 0.7519; 0.2815; 0.2797; 0.2778; 0.2755; 0.274; 0.2708; 0.2705; 0.2698,serene,-
image400,Woman and Butterfly,@aquamarine_wave,"Lisbon, Portugal",abandoned warehouse,17,Autumn equinox,☀️,0.52,-,a of a woman and a butterfly,butterfly; postcards; eleven; influences; bookmarks; prints; artists; backgrounds; posters,0.675; 0.2433; 0.2366; 0.2355; 0.2331; 0.233; 0.2324; 0.2322; 0.2318,neutral,-
image401,Variety of People Including Man,@upside_down,"Samarkand, Uzbekistan",secluded garden,23,Halloween night,-,0.93,-,"a variety of people, including a man in a car and a woman with a coffee cup",variety; car; notes; workshops; newsletter; frontpage; occupations,0.7131; 0.7016; 0.2661; 0.2506; 0.2475; 0.2472; 0.2469,neutral,-
image402,Woman in Jeans with Bird,@opal_dream,"Tel Aviv, Israel",forest clearing,35,Before the big storm,☕,-,I found an old notebook and decided to draw over my school notes,a woman in jeans and a man with a bird on his head,jeans; bird; clothes; bodies; seller; characters; artist,0.7414; 0.7196; 0.2547; 0.2521; 0.2516; 0.2501; 0.2499,mysterious,I found an old notebook and decided to draw over my school notes
image403,Various Animals Including Dog,@diamond_dust,"Takayama, Japan",dockside pier,34,Winter of '98,🌙,0.51,-,"various animals, including a dog and a man",dog; deer; zoo; animals; markers; wildlife; bookmarks; exhibit,0.719; 0.2755; 0.2715; 0.2656; 0.2611; 0.2552; 0.255; 0.2543,serene,-
image404,Violinist and Orchestra Conductor,@chrysoprase_meadow,"Hallstatt, Austria",-,1,Middle of summer,🌙,0.96,-,a of a violinist and a of an orchestra conductor,violinist; conductor; musicians; orchestra; artists; violin; artist; arts; artistic; jazz,0.7778; 0.7399; 0.2835; 0.279; 0.2713; 0.2695; 0.2628; 0.2603; 0.2561; 0.2561,neutral,-
image405,People Dancing with Squirrel and Guitar,@quartz_crystal,"Luang Prabang, Laos",on the rooftop,37,First snow of 2012,☕,0.82,-,"a of people dancing, a squirrel and a guitar",squirrel; musicians; orchestra; artists; guitars; beatles; musician; guitar; band,0.6711; 0.2776; 0.2679; 0.2639; 0.2629; 0.2616; 0.2557; 0.2554; 0.2548,serene,-
image406,Man with Flowers and Woman Sitting,@cyan_sky,"Masada, Israel",on the rooftop,37,After the last train,🍷,0.71,-,a man with flowers and a woman sitting on a bench,flowers; bench; florist; bouquet; uncle; florists; principal; carlo; sans; mayor,0.7379; 0.706; 0.2685; 0.2643; 0.2575; 0.2569; 0.2564; 0.2521; 0.2509; 0.2502,mysterious,-
image407,Woman with Sunglasses,@fantasy_realm,"Zanzibar, Tanzania",bridge at dusk,31,The week before moving out,☕,0.97,-,a of a woman with sunglasses,sunglasses; crowd; artist; audience; prints; process; arts,0.7347; 0.2515; 0.2496; 0.2483; 0.2454; 0.2441; 0.244,mysterious,-
image408,Woman in Dress with Man with Beard,@aurora_borealis,"Eilat, Israel",laundromat corner,29,One rainy afternoon,☕,0.71,-,a woman in a dress and a man with a beard,dress; beard; frontpage; portraits; arts; portrait; artist; characters; biographies,0.7179; 0.7102; 0.2528; 0.2518; 0.2465; 0.2463; 0.2463; 0.2458; 0.2451,serene,-
image409,How to Calculate Volume,@outside_in,"Goa, India",seashore rocks,27,An endless Sunday,🍝,0.82,-,how to calculate the volume of a sphere in terms of its surface area and volume,volume; surface; area; terms; mechanism; modules; solve; integer; configuration; dot; configurations; modes,0.7352; 0.7256; 0.7238; 0.7116; 0.2756; 0.2737; 0.2721; 0.2707; 0.27; 0.27; 0.2695; 0.2695,mysterious,-
image41,African Woman Wearing Hat,@star_cluster,"Luang Prabang, Laos",empty classroom,32,My last day at work,-,0.8,-,an african woman wearing a hat,hat; cameroon; niger; african; editorials; traditional; rwanda; ethnic; africa,0.7209; 0.2654; 0.2604; 0.2593; 0.2573; 0.2524; 0.2521; 0.2515; 0.2512,neutral,-
image410,Bird and Words,@infinite_loop,"Luang Prabang, Laos",metro station,8,Third week of lockdown,☕,0.79,-,a of a bird and the words to rest and harbour ressentiment,ressentiment; bird; cookbook; recipes; oven; preserve; menus; consistency; ebooks; preservation,0.7645; 0.7403; 0.2876; 0.2829; 0.2755; 0.2728; 0.272; 0.2719; 0.2702; 0.2693,neutral,-
image411,Woman with Red and Blue Hands,@soft_whisper,"Siwa Oasis, Egypt",secluded garden,23,Winter of '98,☀️,0.82,I created it while waiting for my laundry,a of a woman with red and blue hands,hands; pearl; rose; bloom; markers; coral; ruby; phi; rosa,0.7565; 0.2844; 0.2747; 0.2746; 0.2741; 0.2733; 0.2725; 0.2717; 0.2708,melancholic,I created it while waiting for my laundry
image412,Red and Yellow Clown Holding,@deep_thoughts,"Chefchaouen, Morocco",airport lounge,36,31/12/07,-,0.74,-,"a red and yellow a clown holding scissors, and an of a pair of scissors on a of",holding; scissors; pair; circus; reg; robot; toy; mae; mega; pearl; sewing,0.745; 0.742; 0.7188; 0.2748; 0.2736; 0.2693; 0.2689; 0.2679; 0.2674; 0.2674; 0.2668,warm,-
image413,Various Types of Plants,@stellar_wind,"Athens, Greece",candlelit room,24,The day the power went out,☀️,0.89,-,various types of plants and trees,trees; types; plants; organisms,0.767; 0.7564; 0.3041; 0.3,serene,-
image414,Fish on Top of Man’s Head,@soft_whisper,"New Orleans, USA",forest clearing,35,15/05/23,☕,0.56,-,a fish on top of a man's head,head; top; fish; vessel; aquatic; adolescent; aquarium; ink; perception; vessels,0.7458; 0.707; 0.277; 0.2594; 0.2585; 0.2563; 0.2561; 0.255; 0.2547; 0.2536,mysterious,-
image415,Man with Beard,@inside_out,"Samarkand, Uzbekistan",desert roadside,18,Winter break,☀️,1.0,-,a of a man with a beard,beard; guru; berlin; anonymous; prophet; avatar; similar; stockholm; abu,0.7431; 0.255; 0.2545; 0.2497; 0.2463; 0.2463; 0.2454; 0.2452; 0.2438,mysterious,-
image416,Red and Blue Eyes,@midnight_owl,"Hoi An, Vietnam",hotel balcony,28,Last June,🍷,0.95,-,a red with blue eyes and tentacles,tentacles; eye; eyes; cells; pupils; eyed; markers; examined; vessel,0.7444; 0.2905; 0.2752; 0.2725; 0.2694; 0.2676; 0.2653; 0.2633; 0.2617,melancholic,-
image417,Two Women’s Faces,@serene_waters,"Takayama, Japan",mountain lookout,19,Third week of lockdown,-,0.5,-,two women with their faces covered in yellow flowers,flowers; women; bite; bloom; allergy; vitamins; hunger; lemon; medicine; peripheral,0.7597; 0.7506; 0.2851; 0.2816; 0.2802; 0.2769; 0.2767; 0.2763; 0.2763; 0.2756,warm,-
image418,Anatomy of Woman’s Head,@pink_flamingo,"Valparaíso, Chile",desert roadside,18,Last June,🍷,0.5,-,the anatomy of a woman's head,head; nerve; wound; anatomy; infection; infected; human; neural; flesh,0.7389; 0.2786; 0.2706; 0.2684; 0.2677; 0.2667; 0.2646; 0.2613; 0.261,serene,-
image419,Woman with Tentacles on Her Face,@orange_sunset,"New Orleans, USA",bar counter,9,My last day at work,☀️,0.96,-,a woman with tentacles on her face,tentacles; face; flesh; mask; vessel; hide; infection; creature; peripheral; wound,0.7805; 0.7625; 0.2844; 0.2815; 0.2795; 0.2777; 0.2772; 0.2767; 0.2766; 0.2754,neutral,-
image420,Black and White Poster,@amethyst_sky,"Oaxaca, Mexico",toilet,2,On my sister's wedding day,☀️,0.67,-,a black and white poster with graffiti on it,poster; graffiti; brochure; publication; adults; flyer; newsletters; animals; youth; adolescent,0.7491; 0.7267; 0.2702; 0.2701; 0.2682; 0.2669; 0.2658; 0.2656; 0.2647; 0.2628,neutral,-
image421,Different Types of Stencils,@indigo_night,"Toronto, Canada",library window,30,Halloween night,☕,0.84,-,the different types of stencils that are available,stencils; types; scripts; newsletters; reprints; printable; printing; programmes; brochures,0.7475; 0.7232; 0.2618; 0.2599; 0.2575; 0.2522; 0.2515; 0.2492; 0.2484,mysterious,-
image422,"Ink, Graphite, and Charcoal",@underground_rail,"Chefchaouen, Morocco",beach,3,Winter break,☕,0.79,-,"ink, graphite, charcoal, and",charcoal; graphite; thing; creature; card; ink; pen; antenna; ear,0.7663; 0.7647; 0.2605; 0.2591; 0.257; 0.2554; 0.2538; 0.2537; 0.253,mysterious,-
image423,Woman with Her Mouth Open,@golden_hour,"Vancouver, Canada",riverbank,20,After the last train,🍷,0.74,-,a of a woman with her mouth open,mouth; beginners; portraits; nerve; passengers; study; attempts,0.7116; 0.2696; 0.2634; 0.2595; 0.259; 0.2584; 0.2557,mysterious,-
image424,Doodles and Stickers,@eternal_flame,"New York, USA",library window,30,Summer solstice,🍷,0.59,-,"doodles, and stickers",doodles; stickers; faces,0.7977; 0.3134; 0.3036,neutral,-
image425,Doodles and Stickers,@jade_garden,"Takayama, Japan",seashore rocks,27,The day we met,🍝,0.8,-,"doodles, stickers, and",doodles; stickers; sticker,0.7903; 0.3267; 0.3132,serene,-
image426,Doodle of Cat and Hand Holding,-,"Lamu, Kenya",attic room,12,Early spring 2005,☀️,0.62,-,"a doodle of a cat, a hand holding a and a of an animal",doodle; hand; animal; faces,0.7839; 0.7487; 0.7464; 0.3053,serene,-
image427,Group of Children Sitting,@serene_waters,"Nazareth, Israel",museum hallway,33,Winter of '98,🍝,-,-,a group of children sitting in a colorful ball,group; ball; children; indigenous; colors; color; arts; artist; markers,0.734; 0.7311; 0.2528; 0.2507; 0.2502; 0.2497; 0.2496; 0.2492; 0.2491,whimsical,-
image428,Space Station and Other Objects,@galaxy_whisper,"Valparaíso, Chile",market square,21,Third week of lockdown,-,0.72,-,a space station and other objects,objects; space; station; mechanical; helicopter; enterprise; shuttle; aerospace; missile; engines; vector,0.7625; 0.7598; 0.7283; 0.2879; 0.2838; 0.282; 0.2781; 0.2781; 0.2769; 0.2767; 0.2755,neutral,-
image429,Heart and Compass,@lime_light,"Reykjavík, Iceland",park bench,4,During the blackout,-,0.97,-,a of a heart and a compass,compass; cardiovascular; cardiac; virus; heart; seed; mechanical; infected; biological,0.7585; 0.2954; 0.2893; 0.2893; 0.2887; 0.2817; 0.2797; 0.2763; 0.2734,mysterious,-
image430,Heart-Shaped Object,@left_field,"Venice, Italy",school hallway,5,The day the power went out,🍷,0.77,-,a of a heart shaped object,object; heart; mechanical; cardiovascular; cardiac; hearts; symbol; anchor; robot,0.7516; 0.2843; 0.2753; 0.2746; 0.2722; 0.2716; 0.2667; 0.2653; 0.2638,serene,-
image431,Knitted Sign with Words,@sacred_space,"Ubud, Indonesia",empty classroom,32,Early morning in August,🍷,0.55,-,a knitted sign with the words circles and circles written on it,sign; circular; circles; circle; circus; patches; rugs; cycles; thread,0.7134; 0.2832; 0.2805; 0.2786; 0.2733; 0.2692; 0.2555; 0.2548; 0.2532,mysterious,-
image432,Spaceship,@mood_swing,"Jerusalem, Israel",hidden alleyway,26,Last June,-,0.92,-,a of a space ship,space; ship; shuttle; mechanical; engine; helmet; aerospace; telescope; module; pilot,0.7658; 0.76; 0.284; 0.2821; 0.2814; 0.2811; 0.2785; 0.2775; 0.2763; 0.2759,serene,-
image433,Two Cats Looking,@creative_spirit,"Rome, Italy",metro station,8,During the blackout,☀️,0.64,-,two cats looking at the camera,camera; cats; oils; titten; attempts; pussy; expressions,0.7144; 0.2862; 0.2708; 0.269; 0.2688; 0.2655; 0.2643,neutral,-
image434,Various Objects Including Wand,@constellation_map,"Nara, Japan",school hallway,5,After the last train,☀️,0.89,-,"various objects, including a wand and other items",wand; items; symbols; objects; weapons; bookmarks; various; instruments; catalog; designs,0.7722; 0.7697; 0.2885; 0.2859; 0.2803; 0.2803; 0.2767; 0.2744; 0.2731; 0.2712,serene,-
image435,Orange Cat with Tie,@enigmatic_smile,"Barcelona, Spain",airport lounge,36,-,🍷,-,Couldn't fall asleep during vacation so I made this,an orange cat with a tie,orange; tie; pig; dan; creature; pork; beaver; dump; dans; drain,0.7283; 0.6902; 0.2663; 0.2659; 0.2644; 0.2631; 0.263; 0.2618; 0.2589; 0.257,warm,Couldn't fall asleep during vacation so I made this
image436,Variety of Fish and Plants,@kunzite_dawn,"Safed, Israel",by the fireplace,13,New Year's Eve 2010,☕,0.89,-,a variety of fish and plants,plants; variety; biodiversity; fish; ecology; fisheries; creatures; aquarium; travelers; insects,0.7329; 0.7202; 0.2763; 0.2607; 0.2587; 0.2585; 0.2581; 0.2577; 0.2574; 0.2568,serene,-
image437,Dead People and Dead Animals,@sapphire_blue,"Hoi An, Vietnam",by the fireplace,13,First week of college,🍝,-,-,"dead people, dead animals, and dead plants",animals; plants; deaths; die; obituaries; purple; card; deaf; death; reprint,0.7169; 0.7092; 0.2954; 0.2879; 0.2782; 0.277; 0.2758; 0.2746; 0.2744; 0.2743,cool,-
image438,"Gun, Pencil, and Calculator",@magenta_rose,"Tel Aviv, Israel",on the rooftop,37,Midsummer night,☕,0.71,-,"a gun, a pencil, and a calculator",calculator; gun; engineering; calculation; calculations; mathematics; physics; mechanics; equations; mechanism,0.7546; 0.7328; 0.2965; 0.2893; 0.2856; 0.2829; 0.28; 0.2795; 0.2751; 0.2722,neutral,-
image439,AK‑47 Rifle and Machine Gun,@sapphire_blue,"Lamu, Kenya",hotel balcony,28,Full moon in March,☀️,-,-,a of an ak-47 rifle and a of a machine gun,rifle; machine; guns; specification; gun; weapons; specifications; usr; pmc; cad,0.7773; 0.7157; 0.2653; 0.2652; 0.2652; 0.265; 0.2613; 0.2609; 0.2588; 0.2586,neutral,-
image440,"Cat’s Eyes, Whiskers, and Ears",@wandering_soul,"Reykjavík, Iceland",balcony at sunset,14,After the last train,☀️,0.97,-,"the cat's eyes, whiskers, ears, and tail",whiskers; tail; eyes; ears; chat; cats; kitty; titten; fox; banner; permalink,0.7618; 0.737; 0.7339; 0.726; 0.2731; 0.2712; 0.2676; 0.2657; 0.2642; 0.2641; 0.2621,neutral,-
image441,Orange Tabby Cat in Yellow,@topaz_star,"Tel Aviv, Israel",park bench,4,My last day at work,☀️,0.76,Made this during a blackout by candlelight,an orange tabby cat with yellow eyes,tabby; orange; eyes; defence; titten; pet; chat; pat; worldcat; copper,0.7662; 0.7572; 0.7215; 0.2701; 0.2692; 0.266; 0.2658; 0.264; 0.2631; 0.2627,warm,Made this during a blackout by candlelight
image442,Young Black Man Wearing White,@back_story,"Montreal, Canada",school hallway,5,Winter break,🍝,0.71,-,a young black man wearing a white t-shirt and blue denim shorts,shorts; tshirt; denim; carter; tyler; travis; curtis; wiley; rocky; concord; hopkins,0.7207; 0.7172; 0.7064; 0.2639; 0.2635; 0.2603; 0.2595; 0.2589; 0.2589; 0.2542; 0.2529,neutral,-
image443,Cat with Green Eyes,@eternal_flame,"San Francisco, USA",toilet,2,Midsummer night,🍷,0.84,-,a of a cat with green eyes,eyes; fat; obesity; titten; pat; pet; unit; chat,0.7247; 0.2905; 0.2803; 0.274; 0.2726; 0.2688; 0.2677; 0.2659,cool,-
image444,Cat Lying in Flower Bed,@neon_dreamer,"Berlin, Germany",airport lounge,36,Night of the eclipse,🍝,0.58,-,a cat laying in a flower bed,flower; laying; bed; cats; pets; alternatively; pet; worldcat; titten; kits; animals,0.7014; 0.7009; 0.6946; 0.2798; 0.2751; 0.2573; 0.2572; 0.2555; 0.2549; 0.2548; 0.2546,serene,-
image445,Cat with Blue Eyes,@yellow_bird,"Eilat, Israel",empty classroom,32,Summer solstice,🌙,0.51,-,a cat with blue eyes and a long tail,eyes; tail; fat; worldcat; bean; titten; chat; chubby,0.7193; 0.2724; 0.2723; 0.2718; 0.2701; 0.2698; 0.268; 0.2654,melancholic,-
image446,Cross‑Stitch Pigeon,@ethereal_beauty,"Athens, Greece",museum hallway,33,Early morning in August,🍝,0.81,-,a cross stitch of a pigeon,pigeon; stitch; cross; penguin; bird; birds; crafts; perry; pixel; preliminary; hobby,0.7886; 0.7307; 0.7043; 0.278; 0.2711; 0.2649; 0.264; 0.2626; 0.2573; 0.2563; 0.2554,neutral,-
image447,Child’s Face with Rainbow,@pearl_moon,"Takayama, Japan",seashore rocks,27,The festival weekend,🍷,0.84,-,a of a child's face with a rainbow,face; rainbow; julian; portrait; child; lucas; kid; andreas; drawn; mason,0.7379; 0.7305; 0.2641; 0.2632; 0.2587; 0.2566; 0.2542; 0.2518; 0.2505; 0.2482,neutral,-
image448,Hand Holding Cross‑Stitch,@esoteric_wisdom,"Budapest, Hungary",train window seat,22,My last day at work,-,0.89,-,a hand holding a cross stitch that says doubled up on adderall and here to fuck,adderall; hand; stitch; cross; crafts; productive; adding; thread; decorating; diy; adjustable; ambien,0.776; 0.7022; 0.6995; 0.6894; 0.2713; 0.2647; 0.2614; 0.2612; 0.2612; 0.2591; 0.2574; 0.2572,mysterious,-
image449,Bearded Man with Hat,@transcendent_moment,"Tiberias, Israel",beach,3,Midsummer night,🌙,0.5,-,a of a bearded man with a hat,hat; portrait; vincent; abraham; francisco; pac; gabriel; abu; drawn,0.7532; 0.2838; 0.2838; 0.2785; 0.2783; 0.2769; 0.2755; 0.2749; 0.2718,mysterious,-
image450,Horse and Pencil,@velvet_storm,"Tel Aviv, Israel",park bench,4,15/05/23,🍷,0.83,-,a of a horse and a pencil,horse; pen; pens; notes; audience; demo; migration,0.7407; 0.2725; 0.2639; 0.2619; 0.261; 0.2603; 0.2596,serene,-
image451,Woman in Long Dress,@overhead_light,"Jerusalem, Israel",empty classroom,32,Middle of summer,🌙,0.99,-,a woman in a long dress,dress; standing; proportion; bride; bridal; study; stood,0.7733; 0.2859; 0.2837; 0.2814; 0.2811; 0.2795; 0.2794,mysterious,-
image452,Man Wearing T‑Shirt,@silent_storm,"Budapest, Hungary",laundromat corner,29,The festival weekend,-,1.0,-,a man wearing a t - shirt with the words la haine on it,haine; shirt; les; lafayette; lat; merchandise; une; alias; apparel; lane,0.7705; 0.7486; 0.2732; 0.2708; 0.2689; 0.2672; 0.2651; 0.2647; 0.2647; 0.2638,mysterious,-
image453,Palm Tree in Front,@green_tea,"Fez, Morocco",-,1,Blue hour in January,🌙,0.51,-,a palm tree in front of the ocean,ocean; tree; front; palm; island; isle; barbados; pacific; samoa; fiji; honolulu,0.7619; 0.7551; 0.7143; 0.2924; 0.2805; 0.2763; 0.2753; 0.2749; 0.2746; 0.2745; 0.2738,mysterious,-
image454,Potted Palm Tree,@overhead_light,"Rosh Hanikra, Israel",mountain lookout,19,The hottest day of the year,☕,0.5,Couldn't fall asleep while on holiday so I crafted this,"the palm tree, the potted plant, and the on the",tree; plant; palm,0.7442; 0.3067; 0.3007,serene,Couldn't fall asleep while on holiday so I crafted this
image455,Two Red and Blue Mice,@hidden_gem,"Acre, Israel",dockside pier,34,Just before sunrise,🍝,0.99,-,two red and blue mice on top of each other,top; rat; reconstruction; restoration; mouse; mice; pet; guinea; verzeichnis,0.7224; 0.2889; 0.2801; 0.2735; 0.2646; 0.2634; 0.2626; 0.2614; 0.2607,melancholic,-
image456,Pair of Red Birds,@white_rabbit,"Siwa Oasis, Egypt",during traffic in my car,10,Winter break,-,0.89,-,a pair of red birds,pair; bird; birds; reconstruction; red; nest; rouge; chick; robin,0.7348; 0.2839; 0.2733; 0.265; 0.2638; 0.2588; 0.258; 0.2574; 0.257,warm,-
image457,Two Bunnies on Top,@peaceful_mind,"Athens, Greece",candlelit room,24,31/12/07,🍝,0.88,-,two bunnies on top of each other,bunnies; top; heads; mounts; pig; creatures; hybrid; hop; duo; entities,0.7623; 0.7227; 0.2757; 0.2728; 0.2722; 0.2715; 0.2708; 0.2679; 0.2667; 0.2645,neutral,-
image458,Pencil Drawing of Naked Man Holding Sword,-,"Masada, Israel",bar counter,9,Before the big storm,-,-,-,a pencil of a naked man holding a sword,sword; proportion; human; mobility; anatomy; body; study; surgeon,0.7505; 0.2925; 0.2837; 0.2809; 0.2793; 0.2762; 0.2756; 0.2751,mysterious,-
image459,Chair and Open Book,@white_rabbit,"Amsterdam, Netherlands",office desk corner,6,04/07/11,☀️,0.98,-,a of a chair and an open book with black and white,book; chair; catalogue; configurations; forms; catalogs; manuals; brochures; handbook; brochure,0.7221; 0.7014; 0.2677; 0.2653; 0.2652; 0.2648; 0.2646; 0.2639; 0.2596; 0.2581,neutral,-
image460,Vintage Postcard Featuring Woman,@surreal_world,"Cusco, Peru",toilet,2,Worst birthday I've ever had,-,0.94,-,a vintage postcard featuring a woman in a black and white dress,vintage; dress; postcard; card; circus; performer; postcards; cards; mercury; carnival,0.7462; 0.7353; 0.287; 0.285; 0.2795; 0.2754; 0.2735; 0.2724; 0.2687; 0.2671,neutral,-
image461,Snake and Star,@upside_down,"Zanzibar, Tanzania",candlelit room,24,Midsummer night,-,0.61,-,a snake with a star on its head,star; head; restoration; worm; rna; snake; anchor; hook; symbol; debian,0.7465; 0.7373; 0.2698; 0.2695; 0.268; 0.268; 0.2675; 0.2673; 0.2666; 0.2623,neutral,-
image462,Bottle of Shampoo Pair,@black_cat,"Folegandros, Greece",seashore rocks,27,The hottest day of the year,🌙,0.95,-,"a bottle of shampoo, a pair of scissors, and a plant pot",plant; scissors; pair; shampoo; objects; bottle; kitchen; housewares; process; bottles; containers; jar,0.7435; 0.7307; 0.7199; 0.697; 0.2835; 0.2742; 0.2735; 0.2727; 0.2725; 0.2703; 0.2689; 0.2677,serene,-
image463,Kitchen with Person Holding,@occult_art,"Prague, Czech Republic",balcony at sunset,14,Middle of summer,☕,-,-,a of the kitchen and a person holding a,person; restaurants; libraries; apartment; kitchen; bookstore; museums; designing; refrigerator,0.7056; 0.2575; 0.2567; 0.2563; 0.2548; 0.2538; 0.2536; 0.252; 0.2516,neutral,-
image464,Man on Rock with Bird,@red_velvet,"Athens, Greece",on the rooftop,37,The week before moving out,☕,0.55,Created this after a strange dream,a man on a rock and a bird in the sky,sky; bird; rock; flyer; geological; brochure; poster; tsunami; advertisement; reprint,0.7268; 0.7218; 0.7108; 0.2666; 0.2589; 0.2584; 0.2584; 0.2554; 0.2526; 0.2519,neutral,Created this after a strange dream
image465,Embroidered Pomegranate in Blue Hoop,@beryl_light,"Amsterdam, Netherlands",secluded garden,23,The hottest day of the year,🍝,0.71,-,an embroidered pomegranate in a blue hoop,hoop; pomegranate; blue; knitting; crafts; sewing; yarn; circular; dot; oval,0.76; 0.7112; 0.7002; 0.2697; 0.2674; 0.26; 0.259; 0.2583; 0.258; 0.2574,melancholic,-
image466,Monkey Riding on Back,@purple_haze,"Venice, Italy",secluded garden,23,31/12/07,🍝,0.67,-,a monkey riding on the back of a boar,boar; monkey; back; devil; griffin; rat; bee; lamb; sheep; creature; gnu,0.7824; 0.7699; 0.7315; 0.2953; 0.2902; 0.2891; 0.2869; 0.2862; 0.2837; 0.2778; 0.2775,neutral,-
image467,Pile with Typewriter and Ink,@enigmatic_smile,"Kyoto, Japan",-,1,The hottest day of the year,☕,0.76,-,"a pile of a typewriter, and an ink",ink; typewriter; pile; detail; segment; textile; banner; tile; stamp; threads,0.7453; 0.7367; 0.6787; 0.2745; 0.2745; 0.2729; 0.2725; 0.2693; 0.2681; 0.2628,mysterious,-
image468,Variety of Items on Table,@imaginative_eye,"Rosh Hanikra, Israel",kitchen table,11,Night of the eclipse,-,0.74,-,a variety of items on a table,table; items; variety; pottery; detail; bottles; ceramic; bottle; laboratory; objects; instruments,0.751; 0.742; 0.7378; 0.2924; 0.2853; 0.2822; 0.2788; 0.2755; 0.2733; 0.2723; 0.2721,neutral,-
image470,Orchid Flower,@beryl_light,"Siwa Oasis, Egypt",toilet,2,-,-,0.81,-,an orchid flower,orchid; lotus; defense; flower; defend; defence; aaa; bee; badge,0.799; 0.298; 0.2924; 0.2894; 0.2881; 0.2827; 0.2797; 0.2741; 0.2736,mysterious,-
image471,Woman with Her Hand in Front,@silver_lining,"Toronto, Canada",during traffic in my car,10,Night of the eclipse,🍷,0.59,-,a woman with her hand in front of her face,face; hand; front; drawn; acrylic; fox; rendered; portrait; preliminary; study; draw,0.7487; 0.7315; 0.7065; 0.2679; 0.267; 0.266; 0.2652; 0.2622; 0.2622; 0.2622; 0.2621,warm,-
image472,Red Jacket Hanging,@sublime_vision,"Bariloche, Argentina",riverbank,20,Blue hour in January,-,0.79,Created this after too much coffee in the middle of the night,a red jacket hanging on the wall,jacket; wall; clothes; laundry; clothing; merchant; inventory; memorabilia; kitchen; items,0.7653; 0.7333; 0.2902; 0.2885; 0.2831; 0.2801; 0.2789; 0.2757; 0.275; 0.2746,warm,Created this after too much coffee in the middle of the night
image473,Logo with “Oops Try”,@comet_trail,"Dead Sea, Israel",hotel balcony,28,Midsummer night,-,0.63,-,the logo for oops try again,logo; oops; opt; appeals; accepts; assignments; accept; appear; opposition; suggesting,0.7245; 0.7215; 0.2687; 0.265; 0.2641; 0.2635; 0.2629; 0.2623; 0.2611; 0.2601,mysterious,-
image474,Book with Various Symbols,@citrine_glow,"Prague, Czech Republic",seashore rocks,27,Before the big storm,🌙,0.99,-,a book with various symbols on it,book; fonts; symbols; catalogue; shapes; brochures; letters; types,0.6963; 0.2783; 0.2767; 0.2664; 0.2654; 0.2599; 0.2597; 0.2592,neutral,-
image475,Work of Artist with Person,-,"Pingyao, China",riverbank,20,The day we met,-,0.63,-,the work of artist person,person; work; dot; collar; pillow; antibodies; segments; polymer; textile; handmade,0.7138; 0.7117; 0.2838; 0.2795; 0.2745; 0.2732; 0.2731; 0.2731; 0.2728; 0.2678,mysterious,-
image476,Woman with Long Hair and Phone,@mystic_fog,"Berlin, Germany",metro station,8,During the blackout,☀️,-,-,a woman with long hair and a phone in her hand,hair; hand; phone; drawn; draw; stylus; trace; ana; portrait; drew; gnu,0.7534; 0.7368; 0.7259; 0.267; 0.2651; 0.2627; 0.2623; 0.2619; 0.2612; 0.2607; 0.2607,mysterious,-
image477,Black and White Building,@shallow_waters,"Siwa Oasis, Egypt",office desk corner,6,Worst birthday I've ever had,🍷,0.59,-,a black and white of a building with graffiti on it,building; graffiti; asp; banner; patrol; moon; satellite; nasa; pan; ist,0.7064; 0.6836; 0.2743; 0.2639; 0.2608; 0.2606; 0.2596; 0.2575; 0.2565; 0.2563,neutral,-
image478,Three Different Types of Fruit,@mystical_path,"Barcelona, Spain",park bench,4,Autumn equinox,🍷,-,-,three different types of fruit,fruit; types; minerals; vessels; vegetables; rocks; fruits; variations; tobacco,0.7554; 0.7372; 0.2832; 0.2742; 0.2676; 0.2675; 0.2667; 0.2662; 0.2656,neutral,-
image479,Word “Reno” in Blue,@background_noise,"New York, USA",secluded garden,23,Last June,☀️,0.89,-,the word reno in blue and white,reno; word; banner; signature; ribbon; italic; letters; debian; design; fonts,0.7036; 0.692; 0.2777; 0.2713; 0.2655; 0.2615; 0.2592; 0.2573; 0.2571; 0.2568,melancholic,-
image480,Words “Caring Oxford” with Woman in Park,@kunzite_dawn,"Lisbon, Portugal",dockside pier,34,First week of college,🌙,0.65,-,the words caring oxford woman spark woman in action proud of tigers,spark; action; proud; proudly; earned; supporting; achievements; efforts; tigers; label,0.734; 0.7047; 0.258; 0.2512; 0.2505; 0.2475; 0.2471; 0.2465; 0.246; 0.2459,mysterious,-
image481,Group of People Walking,@meditation_room,"San Francisco, USA",park bench,4,-,☀️,0.82,-,a group of people walking in different directions,group; directions; installation; calibration; entities; configurations; cleaners; demonstration; installations; loss,0.7313; 0.7183; 0.2615; 0.2542; 0.253; 0.2526; 0.2521; 0.252; 0.2509; 0.249,minimal,-
image482,Blue Word “45”,@surreal_world,"Budapest, Hungary",toilet,2,Before the big storm,-,0.55,-,a blue with the word 45 % written on it,blue; word; integer; iii; numeric; ist; number; ips; numerical; minimum,0.7481; 0.6953; 0.2779; 0.2769; 0.2762; 0.2746; 0.2727; 0.2717; 0.2705; 0.27,melancholic,-
image485,Leaf and Book,@depth_of_field,"Pingyao, China",balcony at sunset,14,Halloween night,☕,0.65,-,"a leaf, a book, and a of",book; leaves; leaf; pine; cedar; materials; vegetation; plants; plant,0.7203; 0.2784; 0.2758; 0.2712; 0.2648; 0.2616; 0.2604; 0.2591; 0.2581,serene,-
image486,Person’s Hand Holding Doll,@surface_tension,"Bariloche, Argentina",by the fireplace,13,04/07/11,🍷,0.98,-,a person's hand holding a doll,hand; person; doll; sewing; process; fabrics; wrap; crafts; thread; fabric,0.7127; 0.6881; 0.6753; 0.2481; 0.2447; 0.2439; 0.2426; 0.2424; 0.2421; 0.2406,neutral,-
image487,Ornate Design Inside,@aurora_borealis,"Valparaíso, Chile",school hallway,5,Winter break,☀️,0.63,-,an ornate design on the inside of a book,design; book; inside; menus; encyclopedia; menu; hardcover; bookmarks; brochure; isbn; glossary,0.7379; 0.7346; 0.7269; 0.2764; 0.2672; 0.2651; 0.2623; 0.2619; 0.2617; 0.2581; 0.2579,mysterious,-
image488,Two People Holding Fish,@cyan_sky,"Siwa Oasis, Egypt",hotel balcony,28,My last day at work,☀️,0.81,-,two people holding fish,fisheries; fishing; fish; mobiles; seafood; vendors; handhelds; phones,0.2942; 0.2937; 0.2839; 0.2754; 0.2735; 0.2734; 0.2686; 0.2683,mysterious,-
image489,Two Birds Facing Each Other,@concrete_dreams,"Kyoto, Japan",metro station,8,The day we met,🍷,0.72,-,two birds facing each other,birds; thanksgiving; poultry; chicken; cock; turkey; reconstruction; hand; greeting,0.7477; 0.2859; 0.2789; 0.276; 0.2752; 0.2749; 0.2698; 0.2682; 0.2671,serene,-
image490,Ship in Fog,@nebula_dream,"Zanzibar, Tanzania",mountain lookout,19,My last day at work,🍝,1.0,-,a ship in the fog,fog; sail; ship; boat; harbor; sailing; ships; boats; navigation,0.7724; 0.2902; 0.2881; 0.2848; 0.2848; 0.2839; 0.2812; 0.2782; 0.278,mysterious,-
image491,Cicada,@chrysoprase_meadow,"Rome, Italy",hotel balcony,28,21/09/99,🌙,0.87,-,a of a cicada on a of,cicada; insects; bugs; species; verzeichnis; bee; bug; reconstruction; ant,0.8175; 0.2847; 0.2653; 0.263; 0.2624; 0.262; 0.2605; 0.2586; 0.2581,mysterious,-
image492,Cicada on Tree Branch,@tanzanite_night,"Vancouver, Canada",library window,30,-,-,-,Created while listening to a podcast about cults,a cicada on a tree branch,cicada; branch; tree; insects; bugs; wing; reconstruction; wings; fly; butterfly; restoration,0.8039; 0.7376; 0.7192; 0.2856; 0.2751; 0.2724; 0.2693; 0.269; 0.2684; 0.2673; 0.2641,mysterious,Created while listening to a podcast about cults
image493,Pencil Drawing of Old Typewriter,@found_poetry,"Takayama, Japan",in bed at midnight,38,The day the power went out,🍷,0.87,-,a pencil of an old typewriter,typewriter; writer; write; letter; mechanical; italic; correspondence; computer; letters,0.8504; 0.2963; 0.292; 0.2899; 0.2859; 0.2826; 0.2826; 0.2813; 0.2805,mysterious,-
image494,Axes with Handle,@lime_light,"Barcelona, Spain",empty classroom,32,Just before sunrise,☀️,-,-,the axe's handle and the tip of the blade,axe; handle; blade; tip; hammer; instrument; sword; weapon; reconstruction; prototype; stick; guitar,0.819; 0.7685; 0.7578; 0.7308; 0.2947; 0.2929; 0.2868; 0.2843; 0.2824; 0.2792; 0.2776; 0.2747,neutral,-
image495,Cactus,@obsidian_void,"Lisbon, Portugal",seashore rocks,27,Summer solstice,🌙,0.77,-,a of a cactus,cactus; plant; arizona; aaa; tucson; wall; plants; desert; artistic,0.8383; 0.2838; 0.2833; 0.2792; 0.2762; 0.2757; 0.2729; 0.2729; 0.2725,neutral,-
image496,Succulents in Pot,@timeless_echo,"Paris, France",rain-soaked café,16,Third week of lockdown,🍷,0.54,-,a of succulents in a pot,succulents; pot; plants; salad; plant,0.8145; 0.7935; 0.313; 0.3062; 0.3026,neutral,-
image497,White Wall,@wandering_soul,"Goa, India",library window,30,04/07/11,🌙,0.92,-,a on a white wall,wall; abstracts; acrylic; cross; abstract; threshold; undertaken; installation,0.7266; 0.2597; 0.2538; 0.2531; 0.252; 0.2517; 0.2509; 0.2505,neutral,-
image498,T‑Shirt Hanging,@garnet_sun,"Ubud, Indonesia",seashore rocks,27,The hottest day of the year,🍷,0.88,-,a t - shirt hanging on a clothesline,clothesline; shirt; cloth; bag; laundry; folding; dryer; clothes; clothing; underwear,0.8134; 0.7574; 0.2946; 0.2924; 0.2919; 0.2876; 0.2858; 0.2849; 0.2819; 0.2817,neutral,-
image499,Wristwatch,@expressive_heart,"Kathmandu, Nepal",empty classroom,32,One rainy afternoon,🌙,0.62,-,a of a wristwatch,wristwatch; watches; watch; time; clock; casio; gmt; minute; timer,0.7963; 0.2794; 0.2733; 0.2661; 0.257; 0.2568; 0.2563; 0.2559; 0.2524,serene,-
image5,Boy Holding Frog,@spiritual_journey,"Haifa, Israel",desert roadside,18,One rainy afternoon,🍷,0.55,-,a boy holding a frog,boy; madagascar; nathan; frog; monkey; verde; character; characters; marco,0.7374; 0.255; 0.253; 0.2525; 0.25; 0.2488; 0.2481; 0.2476; 0.2475,serene,-
image500,Frog with Large Eyes,@quiet_night,"Oaxaca, Mexico",desert roadside,18,Last June,🍷,0.52,-,a of a frog with large eyes,eyes; madagascar; endangered; restoration; frog; broad; mardi; adolescent; head,0.6828; 0.2715; 0.2645; 0.2591; 0.2539; 0.2527; 0.2513; 0.2505; 0.2483,warm,-
image501,Skull in Purple and Blue,@inside_out,"Valparaíso, Chile",on the rooftop,37,Full moon in March,🍷,0.9,-,a skull in purple and blue colors,skull; purple; colors; bone; bones; rendered; practice; study; preliminary; teeth,0.7962; 0.7676; 0.7512; 0.2811; 0.2793; 0.2788; 0.2767; 0.2761; 0.276; 0.2719,cool,-
image502,Plate with Food and Fork,@calm_ocean,"Barcelona, Spain",by the fireplace,13,15/05/23,☀️,0.94,-,a plate of food with a fork and knife,plate; fork; food; knife; python; yarn; worm; turtle; snake; oval; pasta; vegetable,0.7618; 0.7501; 0.7483; 0.7394; 0.2807; 0.2781; 0.2772; 0.2767; 0.2749; 0.2707; 0.2694; 0.2694,neutral,-
image503,"Palm Tree, Rock, and Beach",@artistic_soul,"Paris, France",school hallway,5,Midnight in April,☕,0.96,Crafted this when the power went out under candlelight,"a palm tree, a rock, and a beach",tree; beach; rock; palm; branch; island; restoration; islands; barbados; isle; reconstruction,0.7647; 0.7453; 0.7128; 0.2901; 0.2763; 0.2737; 0.272; 0.2712; 0.2688; 0.2677; 0.2676,neutral,Crafted this when the power went out under candlelight
image504,Black and White Woman,@mood_swing,"Montreal, Canada",beach,3,The hottest day of the year,☀️,0.53,-,a black and white of a woman with her head in the air,air; head; tribal; anxiety; disorder; organisms; acid; chaos; entities; meditation,0.7449; 0.7398; 0.2909; 0.2895; 0.2885; 0.2855; 0.284; 0.2836; 0.2834; 0.2834,neutral,-
image505,Cat with Its Mouth Open,@coral_reef,"Pingyao, China",backstage dressing room,25,Early morning in August,🍝,0.75,-,a of a cat with its mouth open,attempts; expressions; faces; teeth; reactions; mouth; smilies,0.2881; 0.2875; 0.2874; 0.2857; 0.2773; 0.2751; 0.2684,neutral,-
image506,Chocolate and Chopsticks,@zircon_spark,"Safed, Israel",market square,21,Summer solstice,☕,0.81,-,chocolate and chopsticks,chopsticks; chocolate; bread; sticks; raid; cake; cakes; defense; desert; defence,0.7822; 0.7697; 0.2835; 0.2818; 0.2803; 0.2772; 0.2763; 0.2752; 0.2747; 0.2717,mysterious,-
image507,Object in Frame,@silver_lining,"Safed, Israel",bus seat,7,Summer solstice,-,-,-,an object in a frame,object; frame; columns; rendered; portal; bone; cad; capital; cup; calcium,0.7589; 0.7366; 0.2743; 0.2741; 0.2737; 0.2728; 0.2727; 0.2709; 0.2691; 0.2687,warm,-
image508,Three People Sitting on Blanket,-,"Oaxaca, Mexico",kitchen table,11,04/07/11,🌙,0.82,-,three people sitting on a blanket in front of a sunset,blanket; sunset; front; camping; picnic; yoga; polo; aol; tent; wrestling; camp,0.7412; 0.7341; 0.7054; 0.2815; 0.2776; 0.2689; 0.2677; 0.2675; 0.2646; 0.2632; 0.2631,serene,-
image509,Man Sitting on Floor,@velvet_storm,"Rome, Italy",office desk corner,6,Winter of '98,🍝,0.82,-,a man sitting on the floor with a cup of coffee in front of him,cup; coffee; floor; conversation; beer; cocktail; drinking; feb; japanese,0.7708; 0.769; 0.732; 0.2792; 0.2782; 0.276; 0.2739; 0.2738; 0.2731,neutral,-
image510,Black and White Man,@mystic_fog,"Pingyao, China",kitchen table,11,The day we met,☕,0.54,-,a black and white of a man in a hat,hat; mime; thumbs; revisions; thumbzilla; annotation; finger; thumb,0.7492; 0.2715; 0.2673; 0.2615; 0.2613; 0.2606; 0.2599; 0.2583,neutral,-
image511,Man in Blue Shirt,@brown_bear,"Safed, Israel",train window seat,22,Third week of lockdown,☕,0.73,-,a of a man in a blue shirt,blue; shirt; process; preliminary; acrylic; prisoner; finishing; becoming; seller; oils,0.7347; 0.6901; 0.2697; 0.2678; 0.2614; 0.2592; 0.2589; 0.2569; 0.2555; 0.2555,melancholic,-
image512,Large Mound in Middle,@pearl_moon,"Samarkand, Uzbekistan",forest clearing,35,First snow of 2012,🌙,0.74,-,a large mound in the middle of a forest,mound; middle; forest; dome; memorial; grave; japan; cemetery; concrete; stone; temple,0.7571; 0.7079; 0.6875; 0.2639; 0.2615; 0.2583; 0.2527; 0.2489; 0.2461; 0.2441; 0.2434,neutral,-
image513,Blue Laptop on White Surface,@solar_flare,"Amsterdam, Netherlands",train window seat,22,Just before sunrise,☕,0.87,-,a blue laptop on a white surface,surface; laptop,0.7458; 0.303,melancholic,-
image514,Work by Jojo Gilberto,@moon_phase,"Acre, Israel",-,1,Before the big storm,🌙,0.75,-,the work of jojo gilberto,gilberto; work; jojo; going; instrumental; cookbook; gasoline; lyrics; song; locally; tunes,0.6758; 0.6753; 0.6416; 0.2324; 0.2317; 0.2265; 0.2255; 0.2253; 0.2247; 0.2244; 0.2243,mysterious,-
image515,Woman in Hat,@quiet_night,"Paris, France",library window,30,Middle of summer,🌙,0.91,-,a of a woman in a hat,hat; telephone; reader; pocket; girl; ink; tiny; miniature; librarian,0.7572; 0.2805; 0.2699; 0.2699; 0.2692; 0.2684; 0.2675; 0.2665; 0.2663,neutral,-
image516,Person Lying on Ground,@comet_trail,"Hallstatt, Austria",balcony at sunset,14,One rainy afternoon,☕,-,-,a of a person lying on the ground,person; ground; falling; animation; fell; mechanics; die; dive; horizontal,0.7548; 0.7192; 0.2763; 0.2667; 0.2667; 0.2624; 0.2615; 0.2603; 0.2596,neutral,-
image517,Yellow and White Geometric Pattern,@topaz_star,"Marrakesh, Morocco",abandoned warehouse,17,On my sister's wedding day,☕,0.81,-,a yellow and white geometric pattern,geometric; pattern; yellow; patterns; dot; defense; fabric; textile; tile,0.7475; 0.2853; 0.2745; 0.2734; 0.2685; 0.2682; 0.2631; 0.2618; 0.2598,sharp,-
image518,Pair of Spiral Galaxies,@nebula_dream,"Prague, Czech Republic",metro station,8,Early morning in August,-,0.76,-,a pair of spiral galaxies in the night sky,galaxies; pair; sky; night; cluster; astronomy; clusters; galaxy; space; universe; composite; convergence,0.7933; 0.7184; 0.6947; 0.6897; 0.2701; 0.2627; 0.2603; 0.2603; 0.2534; 0.2504; 0.247; 0.246,neutral,-
image519,Circular Metal Plate,@red_velvet,"Rome, Italy",metro station,8,Worst birthday I've ever had,☕,0.55,-,a circular metal plate on the ground,metal; ground; plate; drainage; drain; valve; circular; bearing; debian; concrete; holes,0.7372; 0.7371; 0.7217; 0.2735; 0.2729; 0.266; 0.2655; 0.2638; 0.2592; 0.2574; 0.2572,neutral,-
image520,Circular Structure in Middle,@heliodor_sun,"Masada, Israel",under the old oak tree,15,The festival weekend,🌙,0.81,-,a circular structure in the middle of a field,structure; middle; field; radar; detector; circular; basin; radius; circle; barrel; colony,0.7225; 0.7153; 0.7109; 0.2697; 0.2685; 0.2535; 0.2535; 0.2534; 0.2509; 0.2496; 0.2492,serene,-
image521,Three Dogs and One Puppy,@lunar_tide,"Fez, Morocco",backstage dressing room,25,31/12/07,🍝,0.98,-,three dogs and one dog laying on the ground,dog; dogs; ground; cats; loss; animals; mice; tigers; rabbit,0.7476; 0.7464; 0.721; 0.2807; 0.2761; 0.2703; 0.2668; 0.2645; 0.264,serene,-
image522,Silhouette of Dog Walking,@deep_thoughts,"Amsterdam, Netherlands",bar counter,9,Winter of '98,☀️,0.67,-,the silhouette of a dog walking on a grey,dog; silhouette; grey; horse,0.7628; 0.7387; 0.7231; 0.3045,mysterious,-
image523,Two People Standing Next to Each Other,@jade_garden,"Toronto, Canada",under the old oak tree,15,Winter break,🍷,0.64,-,two people standing next to each other,heads; duo; couple; bodies; improvement; duplicate; characters; person,0.2761; 0.2753; 0.2752; 0.2745; 0.2711; 0.2704; 0.2694; 0.269,neutral,-
image524,Nude Woman Sitting on Chair,@back_story,"Sapa, Vietnam",during traffic in my car,10,The day we met,-,0.9,-,a nude woman sitting on a chair,chair; nudity; nude; nudist; naked; breast; shoulder; une,0.7329; 0.2744; 0.2717; 0.271; 0.2629; 0.2626; 0.2623; 0.2612,neutral,-
image525,Stamp with Two Doves,@surreal_world,"Chefchaouen, Morocco",mountain lookout,19,New Year's Eve 2010,-,0.69,-,a stamp with two doves on it,stamp; doves; flyer; card; poster; brochure; label; postcard; advertisement; belarus,0.7606; 0.7314; 0.2835; 0.282; 0.2807; 0.28; 0.2797; 0.2781; 0.2764; 0.2752,serene,-
image526,Bronze Plaque with Head,@cyan_sky,"Marrakesh, Morocco",on the rooftop,37,New Year's Eve 2010,☀️,0.95,-,a bronze plaque with the head of a man,head; plaque; apollo; coin; medal; greek; alexander; mercury; roman; bronze,0.7238; 0.707; 0.2757; 0.2608; 0.2591; 0.2584; 0.2549; 0.2547; 0.2525; 0.2507,mysterious,-
image527,Group of Different People,@turquoise_sea,"Prague, Czech Republic",balcony at sunset,14,The day the power went out,🍝,0.66,-,a group of people in different poses,poses; perfume; animation; weblog; blog; persons; japan; groups; group,0.7407; 0.2725; 0.2665; 0.2621; 0.2594; 0.2594; 0.2592; 0.2587; 0.2579,serene,-
image528,Two Boys Standing Next to Each Other,@wandering_soul,"Cusco, Peru",bus seat,7,Worst birthday I've ever had,☀️,0.53,-,two boys standing next to each other,boys; sons; duo; fathers; markers; characters; dad; workers; visitors,0.7514; 0.2715; 0.27; 0.2691; 0.2685; 0.2648; 0.2647; 0.2624; 0.2617,serene,-
image529,Face of a Woman,@star_cluster,"Dead Sea, Israel",riverbank,20,The festival weekend,-,0.88,-,the face of a woman,face; faced; mask; rug; facial; sheet; cosmetic; pac,0.2682; 0.2677; 0.2631; 0.2617; 0.2604; 0.2599; 0.2599; 0.2599,mysterious,-
image530,Variety of Shapes and Colors,@sapphire_blue,"Budapest, Hungary",abandoned warehouse,17,Early spring 2005,🍝,0.62,-,"a variety of shapes, colors, and patterns",colors; shapes; patterns; variety; sequences; concentrations; phases; stamps; abstracts; modes,0.7269; 0.7197; 0.7185; 0.7029; 0.2521; 0.2474; 0.2422; 0.2404; 0.2386; 0.2385,serene,-
image531,Stack of Books,@soft_whisper,"Sapa, Vietnam",forest clearing,35,The week before moving out,☀️,0.63,-,a stack of books with the title storyteller presents sound of sunrise,storyteller; books; stack; title; hardcover; novel; novels; stories; paperback; planner; publisher; publication,0.7921; 0.7442; 0.7212; 0.691; 0.2773; 0.2664; 0.2647; 0.2636; 0.2628; 0.2598; 0.2597; 0.2585,mysterious,-
image532,Two People in a Boat,@back_story,"Montreal, Canada",in bed at midnight,38,Blue hour in January,🍝,0.75,-,two people in a boat,boat; boats; sailing; ship; boating; sail; ships; yacht,0.2946; 0.2872; 0.2781; 0.2779; 0.2765; 0.2697; 0.2632; 0.2631,serene,-
image533,Pink and Green Stars on Black,@purple_haze,"Amsterdam, Netherlands",beach,3,Third week of lockdown,🍝,0.84,-,"a pink green stars, and black stars",stars; pink; patrol; coral; organisms; verde; cell; wall; green; acid,0.7589; 0.7495; 0.282; 0.269; 0.2685; 0.2674; 0.2661; 0.2661; 0.2653; 0.2634,dark,-
image534,Building Number 6,@magenta_rose,"Mitzpe Ramon, Israel",school hallway,5,Just before sunrise,☕,0.6,-,an of a building with the number 6 on it,number; building; iii; minimum; cylinder; cartridge; section; verde; plan; radar,0.7487; 0.7308; 0.2608; 0.2607; 0.2606; 0.2603; 0.2591; 0.2588; 0.2587; 0.2573,serene,-
image535,Man and Dog,@undercurrent,"Valparaíso, Chile",dockside pier,34,Midsummer night,🍷,0.64,-,a of a man and a dog,dog; signature; vendor; detail; transcription; messenger; medieval; prototype,0.7366; 0.2696; 0.26; 0.2562; 0.2539; 0.2535; 0.2526; 0.252,mysterious,-
image536,Woman Walking Her Dog in Israel,@comet_trail,"Caesarea, Israel",secluded garden,23,On my sister's wedding day,🍷,0.76,-,a woman walking her dog in israel,israel; dog; poem; pen; poet; wrote; notes; written; annotated,0.724; 0.7142; 0.2716; 0.2694; 0.267; 0.2655; 0.2642; 0.2627; 0.2606,neutral,-
image537,Pair of Legs,@orange_sunset,"San Francisco, USA",museum hallway,33,Early morning in August,🍝,0.98,-,a pair of legs in the shape of a bathtub,bathtub; pair; shape; legs; basin; toilet; instrument; font; chair; capital; handles; helmet,0.7686; 0.7381; 0.7367; 0.7037; 0.2977; 0.2907; 0.2865; 0.2862; 0.2843; 0.2807; 0.2795; 0.2767,mysterious,-
image538,Word “Reflection”,@cyan_sky,"Dead Sea, Israel",secluded garden,23,The day the power went out,-,0.99,-,"the word 'reflection' and the words 'mirror', 'self', and",word; reflection; metabolism; poem; algebra; schema; spell; letter; pen; language,0.6936; 0.6891; 0.2756; 0.2752; 0.2743; 0.273; 0.271; 0.2708; 0.2699; 0.2699,mysterious,-
image539,Words with Space Between,@outside_in,"Goa, India",by the fireplace,13,Early morning in August,🌙,0.68,-,the words put space between things,space; things; phrases; thumbs; stickers; labels; instructions; ways; fingers,0.7139; 0.2868; 0.286; 0.2818; 0.2749; 0.2743; 0.2741; 0.2733; 0.2715,mysterious,-
image54,Man Lying on Grass,@cryptic_message,"Takayama, Japan",kitchen table,11,The festival weekend,-,0.7,-,a man lying in the grass with his feet up,grass; feet; defence; defense; animation; thumbnail; orange; defend; barrier; rendering,0.7351; 0.7285; 0.265; 0.2607; 0.2587; 0.257; 0.2569; 0.2548; 0.251; 0.2496,warm,-
image540,Lizard on Calendar,@gray_wolf,"Takayama, Japan",bar counter,9,15/05/23,🍷,0.88,-,a of a lizard on a calendar,lizard; calendar; annotated; letter; instructor; note; pilot; inspector; pen,0.7525; 0.7309; 0.2597; 0.257; 0.2554; 0.2554; 0.2549; 0.2523; 0.2522,serene,-
image541,Three Skeletons,@brown_bear,"Jerusalem, Israel",museum hallway,33,The week before moving out,☀️,0.64,-,a of three skeletons on a of,skeletons; anatomy; dos; mechanics; bodies; notes; scanned; deaths; parts,0.7911; 0.2706; 0.2641; 0.2641; 0.2627; 0.2615; 0.2614; 0.2602; 0.2598,serene,-
image542,Man Holding Sword,-,"San Francisco, USA",laundromat corner,29,Autumn equinox,🍝,0.62,-,a of a man holding a sword,sword; notes; planner; concepts; study; annotated; references,0.6847; 0.2641; 0.2641; 0.2624; 0.2549; 0.2544; 0.2543,mysterious,-
image543,Man Holding Sword,@foreground_focus,"Kathmandu, Nepal",metro station,8,04/07/11,🍷,0.94,-,a person walking past a billboard with a quote on it,billboard; person; message; acknowledge; utilize; via; entrepreneurs; writings; values; quote,0.7555; 0.7159; 0.2736; 0.268; 0.2656; 0.2646; 0.2644; 0.2639; 0.2638; 0.2616,mysterious,-
image544,Man with Red Face and Green,@neon_dreamer,"Rome, Italy",desert roadside,18,During the blackout,🍷,0.81,-,a of a man with a red face and green eyes,eyes; robot; pilot; robots; perry; tractor; trace; abstracts; face,0.7031; 0.2781; 0.2653; 0.2635; 0.2596; 0.2596; 0.258; 0.2575; 0.2563,warm,-
image545,"Pencils, Scissors, and Other Items",@black_cat,"Marrakesh, Morocco",rain-soaked café,16,Early spring 2005,🌙,-,-,"a pencils, scissors and other items",items; pencils; scissors; catalogue; clothes; catalog; contents; materials; clothing,0.7486; 0.7162; 0.6921; 0.2845; 0.2673; 0.2655; 0.2634; 0.2622; 0.2607,mysterious,-
image546,Contents of Old Book,-,"Kathmandu, Nepal",riverbank,20,Midnight in April,🍷,0.91,-,the contents of an old book,book; menus; constitution; menu; list; listed; contents; recipes; lists,0.6977; 0.2836; 0.2789; 0.2752; 0.2736; 0.2698; 0.2663; 0.265; 0.2631,mysterious,-
image547,Work by Nouvel Ninn,@stellar_wind,"Berlin, Germany",desert roadside,18,Just before sunrise,🍝,0.95,-,"the work of nouvel ninn in paris, new york and nyc wrestling",ninn; work; york; wrestling; tours; poster; paris; notre; flyer; prix; direction; posters,0.7592; 0.7111; 0.6992; 0.6951; 0.2726; 0.2714; 0.268; 0.2672; 0.2634; 0.2608; 0.2592; 0.2583,mysterious,-
image548,Iguana Next to Fruit,@emotional_landscape,"New York, USA",by the fireplace,13,New Year's Eve 2010,🌙,0.9,-,an iguana next to a fruit,restoration; reconstruction; fruit; frog; fruits; species; fossil; yellow,0.2946; 0.2847; 0.2676; 0.2675; 0.2665; 0.2573; 0.2556; 0.2551,warm,-
image549,Abstract Church,@calm_ocean,"Rome, Italy",riverbank,20,Midnight in April,☕,0.83,-,an abstract of a church,church; oils; abstracts; acrylic; housewares; paint; harbor; concentrations; abstract,0.7161; 0.2648; 0.2644; 0.2571; 0.2534; 0.2531; 0.2502; 0.2469; 0.2469,mysterious,-
image550,Man and Woman in Park,@purple_haze,"Samarkand, Uzbekistan",candlelit room,24,Blue hour in January,🍷,1.0,-,a of a man and woman in the park,park; plants; gardens; gardening; vegetation; plant; garden,0.7226; 0.2814; 0.2701; 0.2677; 0.2632; 0.2622; 0.2604,neutral,-
image551,"Red, Yellow, and Blue Swirls",@wandering_soul,"Kibbutz Ein Gedi, Israel",under the old oak tree,15,The day the power went out,☀️,0.79,-,"red, yellow and blue swirls",swirls; particle; complexity; threads; explosion; phoenix; abstracts; circulation; burst,0.7525; 0.2642; 0.262; 0.2601; 0.26; 0.2578; 0.2557; 0.2527; 0.2518,warm,-
image552,Black and White Beetle,@imaginative_eye,"Lamu, Kenya",rain-soaked café,16,During the blackout,-,0.86,-,a black and white of a beetle,beetle; bugs; insects; bee; ant; verzeichnis; symbol; reconstruction; size,0.8062; 0.2869; 0.2849; 0.2842; 0.2793; 0.2762; 0.2737; 0.2714; 0.2688,neutral,-
image553,Three Vases on Table,@emerald_city,"San Francisco, USA",riverbank,20,The week before moving out,🍷,0.95,-,three vases on a table,vases; table; bottles; pottery,0.8049; 0.7429; 0.3033; 0.303,serene,-
image554,Swimming in Water,-,"Takayama, Japan",empty classroom,32,31/12/07,☕,0.63,-,a swan swimming in the water,swan; swimming; water; duck; whale; float; boat; seal; sail; bird; swim,0.8018; 0.7532; 0.7366; 0.285; 0.2708; 0.2695; 0.2674; 0.2666; 0.2618; 0.2607; 0.2592,mysterious,-
image555,Various Types of Drinks,@midnight_owl,"Kyoto, Japan",market square,21,Halloween night,🍷,0.75,-,various types of drinks,types; wines; wine; drinks; alcohol; cheers; champagne; beverages,0.7362; 0.2895; 0.2798; 0.2694; 0.2628; 0.2562; 0.2533; 0.2526,neutral,-
image556,Pencils and Scissors,@timeless_echo,"Caesarea, Israel",forest clearing,35,New Year's Eve 2010,☕,0.6,-,"a pencils, and scissors",pencils; scissors; article; tribune; publication; frontpage; patents; plate,0.7488; 0.6891; 0.2584; 0.2568; 0.2559; 0.2543; 0.2531; 0.2509,serene,-
image557,Dog,@cryptic_message,"Pingyao, China",bar counter,9,My last day at work,🍷,0.87,-,a of a dog,dog; pointer; shepherd; lycos; polar; fox; dogs; fisher,0.2782; 0.269; 0.2644; 0.2626; 0.2614; 0.261; 0.2604; 0.2553,serene,-
image558,Ink and Gouache,@tourmaline_rain,"Paris, France",metro station,8,Winter break,🍝,-,-,"ink, and gouache on",gouache; ink; spirits; beings; souls; conversation; bodies; couple; pair,0.7592; 0.7409; 0.2846; 0.2745; 0.2731; 0.2724; 0.2723; 0.2703; 0.2679,neutral,-
image559,Boat on Water,@shadow_whisper,"San Francisco, USA",laundromat corner,29,Winter of '98,☕,0.53,-,a of a boat on the water,boat; water; convertible; notes; surface; boats; study,0.7453; 0.7087; 0.2556; 0.2541; 0.2506; 0.2506; 0.2485,serene,-
image560,Words “Special Sale”,@serene_waters,"Valparaíso, Chile",metro station,8,Winter break,☕,0.92,This piece emerged after spilling ink and going with it,"the words ""special sale"" and ""lemon",sale; lemon; signature; jamaica; flyer; recipes; recipe; advertisement; jefferson,0.7273; 0.2836; 0.2807; 0.2648; 0.2624; 0.2595; 0.2591; 0.2591; 0.2587,neutral,This piece emerged after spilling ink and going with it
image561,Cat Wearing a Wreath of Flowers,@found_poetry,"Hallstatt, Austria",school hallway,5,During the blackout,🌙,-,-,a cat wearing a wreath of flowers,wreath; flowers; weed; titten; florist; cats; bouquet; herbs; herb,0.7489; 0.7434; 0.2718; 0.2697; 0.2689; 0.2666; 0.2662; 0.2655; 0.2655,serene,-
image562,Variety of Squares and Rectangles,@planet_blue,"Acre, Israel",candlelit room,24,First snow of 2012,🍝,0.7,-,a variety of squares and rectangles in various colors,squares; rectangles; colors; variety; generated,0.7782; 0.7577; 0.7569; 0.7367; 0.3023,mysterious,-
image563,Butterfly Postcard,@silver_lining,"Acre, Israel",seashore rocks,27,Before the big storm,-,0.88,-,a butterfly on a postcard,postcard; mounted; flyer; male; variable; adult; butterfly; angeles; female,0.7589; 0.2882; 0.2866; 0.2866; 0.2859; 0.2849; 0.2844; 0.2834; 0.2831,serene,-
image564,"Cat, Dog, and Girl",@front_line,"Siwa Oasis, Egypt",by the fireplace,13,New Year's Eve 2010,🍷,0.57,-,"a cat, dog, and a girl",dog; girl; cats; pets; pet; pokemon; permalink; animals; worldcat,0.7778; 0.7397; 0.2986; 0.2955; 0.2895; 0.2877; 0.2849; 0.2807; 0.2803,serene,-
image565,Crocodile with Coffee Cup,@meteor_shower,"Prague, Czech Republic",desert roadside,18,One rainy afternoon,🌙,0.62,-,a of a crocodile and a coffee cup,cup; coffee; crocodile; calendar; stickers; monday; tip; agenda; comic; calendars; productivity,0.72; 0.7129; 0.7079; 0.2545; 0.2528; 0.2478; 0.247; 0.247; 0.2467; 0.2433; 0.2429,mysterious,-
image566,Two Black Chairs,@citrine_glow,"Rome, Italy",in bed at midnight,38,The hottest day of the year,☕,0.78,-,two chairs with black and white polka dots,dots; polka; chairs,0.757; 0.744; 0.3163,neutral,-
image567,Multicolored Dragon Wings,@artistic_soul,"Fez, Morocco",hidden alleyway,26,One rainy afternoon,🍷,0.92,-,a multi-colored dragon with wings and tail,tail; wings; reconstruction; restoration; dragon; thesaurus; creatures; mounts; biodiversity; replica,0.7151; 0.7007; 0.2739; 0.2655; 0.2603; 0.253; 0.2438; 0.2434; 0.2408; 0.2389,warm,-
image568,"Banana, Apple, and Onion",@enigmatic_smile,"Rosh Hanikra, Israel",-,1,One rainy afternoon,-,0.87,-,"a banana, an apple, and an onion",banana; apple; onion; composer,0.7847; 0.7415; 0.7288; 0.3044,neutral,-
image569,Person with Surfboard,@coral_reef,"Barcelona, Spain",park bench,4,04/07/11,🍷,-,-,a person on a surfboard in the ocean,surfboard; ocean; person; photograph; signature; label; surfing; myrtle; surf; postcard; sea,0.7524; 0.7482; 0.7191; 0.2708; 0.2704; 0.2675; 0.2664; 0.2655; 0.2645; 0.2618; 0.2616,serene,-
image57,Colorful Bird on Top,@citrine_glow,"Barcelona, Spain",riverbank,20,During the blackout,☀️,0.92,-,a colorful bird on top of a pedestal,pedestal; top; bird; penguin; perry; chick; chicken; birds; piece; duck,0.7232; 0.7015; 0.2593; 0.2562; 0.2476; 0.2473; 0.2451; 0.2451; 0.2429; 0.242,whimsical,-
image570,Variety of Kitchen Utensils,@imaginative_eye,"Tiberias, Israel",under the old oak tree,15,Winter of '98,☀️,-,-,a variety of kitchen utensils,utensils; kitchen; variety; housewares; foods; objects; recipes; cookbook; ingredients; items; dishes,0.7764; 0.7558; 0.7198; 0.2859; 0.2768; 0.2761; 0.2737; 0.2677; 0.2646; 0.2616; 0.2583,warm,-
image571,Squares and Rectangles,@soft_whisper,"Prague, Czech Republic",museum hallway,33,One rainy afternoon,🍷,1.0,-,squares and rectangles in different colors,rectangles; squares; colors; google; pixels; ghana; ibm; lithuania; pixel; mozilla; blocks,0.7525; 0.7295; 0.7261; 0.2708; 0.2501; 0.2446; 0.2437; 0.2422; 0.2411; 0.2387; 0.2378,mysterious,-
image572,Different Parts of Jackfruit,@deep_thoughts,"Hallstatt, Austria",bridge at dusk,31,31/12/07,☕,0.63,-,the different parts of a jackfruit,jackfruit; parts; aaa; patrol; fruit; fruits; fig; wall; peas; defend,0.7398; 0.7235; 0.2902; 0.2811; 0.2791; 0.2755; 0.2742; 0.2735; 0.2721; 0.2703,serene,-
image573,Woman and Dove with Star,@kunzite_dawn,"Chefchaouen, Morocco",seashore rocks,27,Early morning in August,-,0.96,-,a woman and a dove in a star,dove; starsmerchant; label; astrology; star; criterion; symbol; badge; stamp,0.7031; 0.2696; 0.2669; 0.2605; 0.2587; 0.258; 0.258; 0.2567; 0.2544,serene,-
image574,Blue and Pink Scarf,-,"Acre, Israel",desert roadside,18,New Year's Eve 2010,🌙,0.63,Inspired by a random playlist shuffle at midnight,a blue and pink scarf with two horses on it,blue; scarf; horses; quilt; bedding; bedrooms; laundry; blanket; textile; bedroom,0.7137; 0.7034; 0.7009; 0.2678; 0.2649; 0.2575; 0.2547; 0.253; 0.2525; 0.2518,melancholic,Inspired by a random playlist shuffle at midnight
image575,Man with Hat on His Head,@atmospheric_pressure,"Athens, Greece",beach,3,Third week of lockdown,🍝,0.62,-,a man with a hat on his head,hat; head; reconstruction; rendered; merchant; examine; piece; letter; composite,0.7428; 0.7323; 0.2594; 0.2584; 0.2572; 0.2553; 0.2552; 0.2545; 0.2539,warm,-
image576,Black and White Bridge,@emerald_city,"Cusco, Peru",secluded garden,23,After the last train,🍝,0.66,-,a black and white of a bridge,bridge; bridges; dock; railroad; crossing; barriers; fence; canal,0.2817; 0.2704; 0.2691; 0.268; 0.2657; 0.2637; 0.2631; 0.2616,neutral,-
image577,Man and Woman,@gray_wolf,"Sapa, Vietnam",kitchen table,11,04/07/11,☕,0.79,-,a of a man and a woman,dog; episode; drama; hygiene; dispute; enemies; bestiality,0.2651; 0.2641; 0.2632; 0.2632; 0.2613; 0.2592; 0.2588,mysterious,-
image578,Table and Chair,@right_side_up,"Rosh Hanikra, Israel",hidden alleyway,26,Midnight in April,🍷,0.66,-,a of a table and chair,chair; table; convertible; automobile; seat; steering; draw; plate,0.7404; 0.7386; 0.2523; 0.2495; 0.2481; 0.2474; 0.2458; 0.2457,neutral,-
image579,Map of City in Black,@surreal_world,"Marrakesh, Morocco",laundromat corner,29,Early spring 2005,🍝,0.7,-,a map of a city in black and white,map; city; rug; textile; pattern; carpet; tile; web; patterns; detail,0.7334; 0.7264; 0.293; 0.2893; 0.288; 0.2849; 0.2813; 0.2811; 0.2792; 0.2781,neutral,-
image58,"Hummus, Falafel, Tahini, and Kibbeh",@solar_flare,"Marrakesh, Morocco",hotel balcony,28,Early spring 2005,☕,0.87,I was bored in the office and that's what came out,"hummus, falafel, tahini, kibbeh, gefilte fish, shakshuka, baba ganoush",hummus; falafel; tahini; kibbeh; pin; menu; epinions; palestine; ppm; israeli; hebrew; pins,0.7512; 0.7331; 0.7305; 0.7232; 0.2867; 0.2788; 0.2779; 0.2705; 0.2658; 0.2652; 0.2638; 0.2636,mysterious,I was bored in the office and that's what came out
image580,Variety of Fruits and Vegetables,-,"Safed, Israel",secluded garden,23,During the blackout,🌙,0.93,-,a variety of fruits and vegetables,variety; vegetables; fruits; fruit; fig; varieties; seeds; segments; ripe; seed,0.737; 0.7284; 0.2933; 0.2835; 0.2771; 0.2653; 0.2612; 0.2608; 0.2605; 0.2567,mysterious,-
image581,Design Quilt,@emotional_landscape,"Bariloche, Argentina",seashore rocks,27,First snow of 2012,🍝,0.78,-,the design of a quilt,design; textile; catalogue; catalog; fabrics; quilt; variations; pattern,0.7331; 0.2911; 0.2877; 0.2699; 0.2688; 0.2687; 0.2658; 0.2633,mysterious,-
image582,"Cake, Ice Cream, and Pie",@lost_art,"Jaffa, Israel",airport lounge,36,04/07/11,🍝,0.88,-,"a cake, ice cream, and pie",cake; cream; ice; pie; hats; pot; madagascar; pottery; hat; heads; pan,0.7643; 0.7431; 0.7187; 0.2886; 0.2736; 0.2705; 0.268; 0.267; 0.2668; 0.266; 0.2659,neutral,-
image583,Circular Hut,@zen_garden,"Acre, Israel",dockside pier,34,My last day at work,🍷,-,-,a of a circular hut,hut; barrel; container; cart; cylinder; chair; ladder; baskets; apparatus,0.7668; 0.2956; 0.2828; 0.2819; 0.2819; 0.2814; 0.2808; 0.2784; 0.2748,mysterious,-
image584,"Man, Woman, and Dog",@ambient_sound,"Goa, India",market square,21,Full moon in March,☀️,0.86,-,"a of a man, a woman and a dog",dog; objects; cookbook; stationery; symbols; foods; various,0.7039; 0.288; 0.2861; 0.2811; 0.28; 0.2779; 0.2763,mysterious,-
image585,Spider Web with Arrow and Heart,@quartz_crystal,"Hallstatt, Austria",riverbank,20,On my sister's wedding day,☀️,0.83,Made this after seeing a weird dream,"a spider web, an arrow, and a heart",web; arrow; heart; spider; ink; stamp; inkjet; minimum; ant; spin; permalink,0.7594; 0.7294; 0.724; 0.2996; 0.2845; 0.2726; 0.2679; 0.2676; 0.2668; 0.2662; 0.2656,neutral,Made this after seeing a weird dream
image586,Palm Trees on Beach,@obsidian_void,"Acre, Israel",bus seat,7,First week of college,🍷,0.85,-,a of palm trees on the beach,beach; trees; landscape; desert; palm; bahrain; landscapes; agricultural; phillips; strand,0.7351; 0.7245; 0.2683; 0.2587; 0.2558; 0.2524; 0.2519; 0.2482; 0.2477; 0.2445,neutral,-
image587,Circle with Different Pixels,@left_field,"Haifa, Israel",empty classroom,32,The week before moving out,🍷,-,-,a circle of pixels in different colors,pixels; circle; colors; generated,0.7956; 0.7646; 0.758; 0.3106,neutral,-
image588,"Clocks, Flowers, and Clock Tower",@upside_down,"Pingyao, China",kitchen table,11,On my sister's wedding day,☀️,0.9,-,"clocks, flowers, and a clock tower in black and white",clock; flowers; tower; bookmarks; puzzles; clocks; symbols; bookmark; volumes; plants; pages,0.7476; 0.7374; 0.689; 0.2737; 0.2733; 0.2691; 0.2684; 0.2659; 0.2658; 0.2646; 0.2623,neutral,-
image589,Abstract Bird in Bowl,@mystical_path,"Montreal, Canada",bridge at dusk,31,Summer solstice,🌙,0.72,-,an abstract of a bird in a bowl,abstract; bowl; bird; pour; infant; paint; abstracts; untitled; dispute,0.7372; 0.7246; 0.7047; 0.252; 0.2497; 0.2489; 0.2459; 0.2457; 0.2433,neutral,-
image59,Pixelated Eye in Pink,@esoteric_wisdom,"Jerusalem, Israel",rain-soaked café,16,Last June,🍷,0.6,-,a pixelated eye on a pink,pink; dot; eye; generated; pixels; egg; electron; ascii; sphere,0.7291; 0.2971; 0.2867; 0.2858; 0.2802; 0.28; 0.2798; 0.2778; 0.2764,neutral,-
image590,Variety of Geometric Shapes,-,"Hoi An, Vietnam",in bed at midnight,38,15/05/23,🍝,-,I created it right after my ex dumped me,a variety of geometric shapes in black and white,shapes; variety; noise; ascii; inkjet; abstract; graphic; abstracts; puzzles; junk,0.763; 0.7414; 0.2757; 0.2751; 0.2744; 0.2743; 0.274; 0.2723; 0.2721; 0.2717,neutral,I created it right after my ex dumped me
image591,Silhouette of Man,@shadow_whisper,"Bariloche, Argentina",train window seat,22,31/12/07,🍝,0.93,-,the silhouette of a man,silhouette; person; piece; trace; ink; human; nude; proportion,0.7634; 0.2718; 0.2668; 0.2657; 0.2656; 0.2638; 0.2626; 0.2623,mysterious,-
image592,Green Praying Mantis with Red,@galaxy_whisper,"Marrakesh, Morocco",empty classroom,32,First snow of 2012,🌙,0.54,-,a green praying mantis with red eyes,mantis; eyes; aaa,0.8083; 0.6911; 0.3004,warm,-
image593,Letter T with Different Elements,@meteor_shower,"Oaxaca, Mexico",park bench,4,Just before sunrise,🌙,0.62,-,the letter t in different colors,letter; colors; tel; tri; yugoslavia; poster; slovak; theta; fraction; tab,0.752; 0.7242; 0.2713; 0.2695; 0.2685; 0.2678; 0.2676; 0.2668; 0.2656; 0.2632,mysterious,-
image594,Town Buildings by Water,-,"Oaxaca, Mexico",hotel balcony,28,During the blackout,☀️,0.59,-,a of a town with buildings and water,buildings; town; water; landscape; villages; phillips; impression; village; vincent; landscapes; mediterranean,0.7293; 0.7282; 0.6935; 0.27; 0.2635; 0.2513; 0.251; 0.2509; 0.2508; 0.2498; 0.2495,mysterious,-
image595,Square Made of Colored Pieces,@indigo_night,"Budapest, Hungary",on the rooftop,37,My last day at work,-,0.53,-,a square made up of colored beads,square; beads; dot; iii; dimensional; symbol; pattern; object; polymer; portal,0.7678; 0.7482; 0.2867; 0.2823; 0.2822; 0.2821; 0.281; 0.2805; 0.2803; 0.2799,warm,-
image596,Variety of Colorful Sea Creatures,@constellation_map,"Lisbon, Portugal",rain-soaked café,16,During the blackout,☀️,-,I made it right after my ex dumped me,a variety of colorful sea creatures,creatures; sea; variety; aquarium; reef; biodiversity; composite; aquatic; organisms; scuba; biological,0.7459; 0.7436; 0.7158; 0.2661; 0.2595; 0.2563; 0.2559; 0.2544; 0.2537; 0.2499; 0.2477,whimsical,I made it right after my ex dumped me
image597,"Red, Blue, and Yellow Abstract",@midnight_owl,"Luang Prabang, Laos",library window,30,New Year's Eve 2010,☀️,-,I found inspiration from a stranger's conversation at the café,"a red, blue and yellow abstract",abstract; turner; else; impression; liver; phillips; pour; correspondence,0.73; 0.2539; 0.2463; 0.2445; 0.2443; 0.2439; 0.2413; 0.2401,warm,I found inspiration from a stranger's conversation at the café
image598,Variety of Abstract Patterns,-,"Rome, Italy",-,1,Early morning in August,🍷,0.6,-,a variety of abstract patterns in different colors,patterns; variety; colors; organisms; biodiversity; bacteria; cells; coral; biological; bacterial; viruses,0.7498; 0.7468; 0.7402; 0.2778; 0.2722; 0.2678; 0.2625; 0.2615; 0.2588; 0.2574; 0.2559,neutral,-
image599,Blue Circles with Black Lines,@occult_art,"Luang Prabang, Laos",during traffic in my car,10,Just before sunrise,🍷,0.74,-,blue circles and black lines on a white,lines; circles; dot; configurations; abstracts; fraction; molecules; circle; forms,0.7166; 0.2658; 0.2542; 0.2485; 0.2456; 0.2452; 0.2427; 0.2424; 0.2423,neutral,-
image6,Man Standing in Front of Tent,@pearl_moon,"Kathmandu, Nepal",desert roadside,18,Blue hour in January,🍝,0.85,-,a man standing in front of a tent,front; niger; sudan; algeria; tent; ethiopia; blanket; senegal; somalia,0.705; 0.2793; 0.275; 0.2658; 0.2646; 0.2625; 0.2618; 0.2605; 0.2602,mysterious,-
image600,"Banana, Apple, and Hat",@hidden_gem,"Kibbutz Ein Gedi, Israel",backstage dressing room,25,Halloween night,🍷,0.95,-,"a banana, an apple, and a hat",hat; banana; apple; penguin; burden; infant; fisher; untitled; patient,0.7418; 0.7271; 0.7184; 0.26; 0.2587; 0.2552; 0.2513; 0.2506; 0.2505,serene,-
image601,Red and Gold Letter S,@ruby_heart,"Mitzpe Ramon, Israel",office desk corner,6,New Year's Eve 2010,🍷,0.62,-,a red with a gold letter s on it,letter; ribbon; rings; circular; loop; ring; collar; bracelet; restriction,0.7325; 0.2676; 0.2632; 0.2596; 0.2571; 0.2567; 0.2562; 0.2556; 0.2549,warm,-
image602,Hand with Person,@enigmatic_smile,"Berlin, Germany",rain-soaked café,16,Early spring 2005,🌙,0.67,-,the hand of a person with rings on it,person; rings; hand; handjobs; hands; gloves; fingers; arthritis; handy; handed,0.7211; 0.7148; 0.2821; 0.2775; 0.2775; 0.2731; 0.2687; 0.2679; 0.2639; 0.2596,neutral,-
image603,Outline of Woman’s Head,@concrete_dreams,"Rosh Hanikra, Israel",train window seat,22,My last day at work,🌙,0.82,-,the outline of a woman's head,head; belly; shaped; stomach; grows; fat; round; weight; outline,0.7229; 0.2831; 0.2793; 0.2748; 0.2748; 0.2741; 0.2738; 0.2708; 0.2694,mysterious,-
image604,Group of Sheep in Yellow,@moon_phase,"Montreal, Canada",forest clearing,35,First snow of 2012,☕,0.9,-,a group of sheep with yellow paint on them,sheep; group; paint; sun; organisms; entities; epinions; orgy; virus; sol; creatures,0.7473; 0.745; 0.7388; 0.2778; 0.2771; 0.2757; 0.2747; 0.2745; 0.273; 0.2685; 0.2681,warm,-
image605,Ink Calligraphy in White,@zen_garden,"Masada, Israel",in bed at midnight,38,Early spring 2005,☀️,0.71,-,"ink, and calligraphy on a white",calligraphy; ink; flowers; banner; raid; paint; flower; cleanup; inkjet; oils,0.7545; 0.7365; 0.2558; 0.2548; 0.2544; 0.2542; 0.2537; 0.2536; 0.2508; 0.2494,minimal,-
image606,"Fish, Flowers, and Other Colors",@silver_lining,"Folegandros, Greece",attic room,12,Third week of lockdown,-,0.98,-,"fish, flowers, and other colorful objects",fish; flowers; objects; pixels; quilt; beads; textile; puzzles; puzzle; rug,0.7287; 0.7248; 0.7207; 0.2593; 0.2535; 0.2506; 0.2496; 0.2482; 0.2481; 0.2467,whimsical,-
image607,Variety of Cartoon Characters,@deep_thoughts,"Marrakesh, Morocco",train window seat,22,Worst birthday I've ever had,☕,0.61,-,a variety of cartoon characters,characters; variety; cartoon; robots; stickers,0.7809; 0.7499; 0.7264; 0.3023; 0.3016,neutral,-
image608,"Fire, Flames, and Smoke",@creative_spirit,"Barcelona, Spain",museum hallway,33,04/07/11,🍝,0.79,-,"fire, flames, and smoke",fire; flames; log; cleanup; fireplace; firewire; fires; logs; filename; forge,0.7555; 0.7371; 0.2746; 0.2726; 0.2717; 0.2691; 0.268; 0.2663; 0.2605; 0.2599,minimal,-
image609,"Man, Woman, and Dog",@beryl_light,"Marrakesh, Morocco",by the fireplace,13,New Year's Eve 2010,☀️,0.89,-,"a of a man, a woman and a dog",dog; entities; scanned; notes; creatures; draws; designs,0.7117; 0.2743; 0.2738; 0.271; 0.2685; 0.2676; 0.2669,serene,-
image61,Woman with Long Black Hair,@white_rabbit,"Vancouver, Canada",beach,3,Worst birthday I've ever had,☕,0.72,-,a of a woman with long hair and a black and white striped pattern,pattern; hair; hardcover; pages; stationery; planner; bookmark; prints; patterns,0.7507; 0.6883; 0.2611; 0.2588; 0.258; 0.258; 0.2557; 0.2549; 0.2537,neutral,-
image610,Man on Top of Rock,@heliodor_sun,"Nara, Japan",desert roadside,18,During the blackout,🍷,0.72,-,a man on top of a rock with a bird in the sky,bird; top; rock; flyer; geological; poster; brochure; tsunami; advertisement; reprint,0.721; 0.716; 0.7102; 0.2657; 0.2575; 0.2574; 0.2571; 0.254; 0.2519; 0.2512,mysterious,-
image611,Pig,@yellow_bird,"Caesarea, Israel",hidden alleyway,26,The day we met,🍝,0.82,-,a of a pig on a of,pig,0.3086,neutral,-
image612,Hand Holding Pen with Handwriting,@ruby_heart,"Safed, Israel",during traffic in my car,10,Full moon in March,☕,0.5,-,"a of a hand holding a pen, a handwritten note, and the words'it happens again",note; hand; pen; wordsit; passport; wallet; thongs; issued; calendars; card; visa,0.7403; 0.7399; 0.73; 0.7209; 0.2787; 0.2747; 0.2691; 0.2682; 0.2673; 0.266; 0.2627,neutral,-
image613,Man Crying in Front of Group,@aquamarine_wave,"Acre, Israel",balcony at sunset,14,During the blackout,🍷,0.58,-,a man crying in front of a group of people,group; front; cry; pain; suffering; depression; suffer; upset; tear; anymore,0.7135; 0.687; 0.268; 0.2643; 0.2634; 0.262; 0.2609; 0.2597; 0.2587; 0.2577,mysterious,-
image614,"Stars, Flowers, and Constellations",@infinite_loop,"Kathmandu, Nepal",hotel balcony,28,Midnight in April,☕,0.82,-,"stars, flowers, and constellations",constellations; flowers; stars; detail; textile; quilt; star; starsmerchant; web; pattern,0.8039; 0.746; 0.2899; 0.2867; 0.2807; 0.2748; 0.2706; 0.2684; 0.2678; 0.2676,serene,-
image615,Black and White Nut,@front_line,"Jerusalem, Israel",abandoned warehouse,17,The hottest day of the year,🍷,-,-,a black and white of a nut,nut; seed,0.7454; 0.3001,neutral,-
image616,Different Types of Windows,@constellation_map,"Marrakesh, Morocco",during traffic in my car,10,Summer solstice,🌙,0.73,-,different types of windows,windows; types; housewares; containers; objects; structures; furniture; rooms; designs,0.7726; 0.7461; 0.2843; 0.2789; 0.2785; 0.2779; 0.2772; 0.2747; 0.2745,mysterious,-
image617,Jellyfish Swimming in Ocean,@heliodor_sun,"Siwa Oasis, Egypt",kitchen table,11,The hottest day of the year,☀️,1.0,-,a jellyfish swimming in the ocean,swimming; ocean; restoration; reconstruction; coral; biological; verzeichnis; receptor; stem; membrane,0.7351; 0.7325; 0.2675; 0.2665; 0.2648; 0.2645; 0.2644; 0.2629; 0.2592; 0.2584,mysterious,-
image618,Beetle Bug,-,"Acre, Israel",under the old oak tree,15,31/12/07,🌙,0.59,-,a of a beetle and a bug,beetle; bugs; insects; frog; bee; buzz; bug; organisms; crop,0.7912; 0.2861; 0.2808; 0.2794; 0.2638; 0.2564; 0.2552; 0.253; 0.2522,neutral,-
image619,Book with Teeth,@sublime_vision,"Masada, Israel",museum hallway,33,One rainy afternoon,🌙,0.95,-,a book with teeth on the cover,book; teeth; tooth; smilies; dental; smile; mouth; dentists; grill,0.7578; 0.2971; 0.2899; 0.2812; 0.2796; 0.2794; 0.2747; 0.2666; 0.2651,mysterious,-
image620,Shape of Cats,@spinel_heart,"Fez, Morocco",airport lounge,36,The festival weekend,🍝,0.76,-,"the shape of the cat's head, ears, and tail",ears; shape; head; worldcat; kitty; chat; tail; cats; titten; kits,0.7613; 0.7381; 0.7289; 0.2859; 0.2821; 0.2754; 0.2713; 0.2712; 0.2699; 0.2697,serene,-
image621,Eye and Bird,@atmospheric_pressure,"Fez, Morocco",train window seat,22,On my sister's wedding day,☕,0.57,-,a of an eye and a bird,bird; eye; encyclopedia; observer; publication; correspondence; bibliography; birds; catalogue,0.7442; 0.2677; 0.2563; 0.2539; 0.2533; 0.2516; 0.2504; 0.2502; 0.2502,neutral,-
image622,Knight Riding a Horse,@golden_hour,"Zanzibar, Tanzania",bus seat,7,21/09/99,🌙,0.68,-,a knight riding on a horse,horse; knight; armor; vector; defend; defence; markers; ranger; viii,0.7237; 0.2937; 0.2868; 0.2765; 0.275; 0.2747; 0.2744; 0.2734; 0.273,serene,-
image623,House on Top of Cliff,@emotional_landscape,"Folegandros, Greece",riverbank,20,First snow of 2012,🍝,0.58,-,a house on top of a cliff,cliff; house; top; canyon; cottage; valley; backgrounds; study; environments; thumbnail,0.7608; 0.7403; 0.707; 0.2806; 0.2692; 0.2684; 0.2678; 0.2669; 0.2665; 0.2659,neutral,-
image624,Bouquet in Orange and Yellow,@feeling_tone,"Caesarea, Israel",backstage dressing room,25,Autumn equinox,-,0.84,-,a bouquet of orange and yellow flowers,bouquet; defense; flowers; orange; defence; flower; defend; floral; variation,0.7584; 0.2855; 0.2852; 0.2851; 0.2849; 0.2808; 0.2683; 0.268; 0.2674,warm,-
image625,Various Types of Shells,@underground_rail,"Prague, Czech Republic",museum hallway,33,Halloween night,☕,0.53,-,various types of shells,shells; types; shell,0.8427; 0.7632; 0.3192,mysterious,-
image626,Color and Shape,@amethyst_sky,"Jaffa, Israel",bus seat,7,During the blackout,☀️,0.75,-,"color, shape, and",color; shape; fish; trout; adolescent; juvenile; pike; reconstruction; salmon; permalink,0.7293; 0.7096; 0.2929; 0.2691; 0.269; 0.2647; 0.2601; 0.2601; 0.259; 0.2587,serene,-
image627,Two Men in Armor Standing,@left_field,"Eilat, Israel",bridge at dusk,31,Middle of summer,🍷,0.96,-,two men in armor standing next to each other,armor; men; knights,0.7893; 0.7446; 0.3072,serene,-
image628,Two Naked Women in Black,@opal_dream,"New York, USA",under the old oak tree,15,First snow of 2012,-,0.73,-,a of two naked women on a black,women; flowers; detail; heads; butts; breasts; organisms; variation; pair,0.7099; 0.2614; 0.2607; 0.2533; 0.2489; 0.2485; 0.2474; 0.2458; 0.2457,dark,-
image629,Head of an Owl,@moon_phase,"Athens, Greece",abandoned warehouse,17,Winter of '98,-,0.89,-,the head of an owl with stars,owl; stars; head; hawk; symbol; bird; eagle; griffin; reconstruction; crest; birds,0.8128; 0.7478; 0.7473; 0.2718; 0.2709; 0.2708; 0.2689; 0.2656; 0.2656; 0.2648; 0.2633,serene,-
image630,"Color, Shape, and Form",@aquamarine_wave,"Jaffa, Israel",on the rooftop,37,Midsummer night,🍝,0.83,-,"color, shape, and form",shape; color; form; cow; buffalo,0.7353; 0.7342; 0.7336; 0.3143; 0.3007,serene,-
image631,Two Cell Phones and Cat,@calm_ocean,"Dead Sea, Israel",candlelit room,24,Midnight in April,☕,0.88,-,two cell phones and a cat,cell; phone; telephone; starsmerchant; sms; telecom; phones; call; stickers,0.7415; 0.2855; 0.2803; 0.2745; 0.2728; 0.2718; 0.2712; 0.2707; 0.2703,serene,-
image632,Rubber Stamp with Fish,@tranquil_forest,"Hoi An, Vietnam",secluded garden,23,New Year's Eve 2010,🌙,-,Made it while microdosing and laying on the grass near a supermarket,a rubber stamp with fish on it,stamp; rubber; fish; bookmarks; bookmark; tapes; lenses; objects; inkjet,0.7372; 0.725; 0.2813; 0.2756; 0.2671; 0.2646; 0.2643; 0.2621; 0.2615,neutral,Made it while microdosing and laying on the grass near a supermarket
image633,Man Walking in Snow,@mystical_path,"Cusco, Peru",library window,30,Winter break,☀️,0.86,-,a man walking in the snow with an umbrella,umbrella; rain; ana; vendor; snow; hat; winter; precipitation; stranger,0.7939; 0.2784; 0.2759; 0.2714; 0.2677; 0.2625; 0.2625; 0.2612; 0.26,surreal,-
image634,Pep Plant with Words “You”,@morganite_blush,"Mitzpe Ramon, Israel",seashore rocks,27,The day the power went out,☕,0.62,-,a pea plant and the words you have time,plant; pea; time; seed; grow; leaf; seeds; tear; growth; patrol; expects,0.7492; 0.7385; 0.7117; 0.2651; 0.2624; 0.2599; 0.2572; 0.2549; 0.2548; 0.254; 0.2532,serene,-
image635,Two Hedgehogs with Flowers,@amber_glow,"Toronto, Canada",mountain lookout,19,Winter break,🍷,0.57,-,two hedgehogs with flowers on them,hedgehogs; flowers; flower; plants; pins; plant; attempts; grows,0.7606; 0.2879; 0.287; 0.2831; 0.283; 0.2826; 0.2819; 0.2817,neutral,-
image636,Large Bird,@eternal_flame,"New Orleans, USA",laundromat corner,29,Midsummer night,🌙,0.82,-,a of a large bird,bird; chick; chicken; nest; birds; permalink; fat; guinea,0.299; 0.2919; 0.2798; 0.2778; 0.2752; 0.2749; 0.2736; 0.2697,mysterious,-
image637,Black and White Dead,@emotional_landscape,"Acre, Israel",by the fireplace,13,One rainy afternoon,☕,0.84,-,a black and white of a dead tree on a yellow,branch; tree; branches; yellow; oak; trees; root; ent,0.2956; 0.2924; 0.2854; 0.2764; 0.2743; 0.2743; 0.2723; 0.272,neutral,-
image638,Red Fruits Hanging,@right_side_up,"Ubud, Indonesia",school hallway,5,Summer solstice,☀️,0.6,-,red fruits hanging from a tree branch,branch; tree; fruits; fruit; fig; leaves; cherry; berry; plant; tomatoes,0.7533; 0.7464; 0.2892; 0.2859; 0.266; 0.2639; 0.2598; 0.2589; 0.2582; 0.2577,warm,-
image639,"Flowers, Birds, Butterflies, and Leaves",@constellation_map,"Tiberias, Israel",train window seat,22,Night of the eclipse,🍷,0.56,-,"flowers, birds, butterflies, and leaves",flowers; butterflies; leaves; birds; plants; gardens; pages; decorative; attempts,0.7517; 0.7393; 0.736; 0.7258; 0.2712; 0.2664; 0.2657; 0.2623; 0.2618,neutral,-
image64,Two Lemons in Water,@serene_waters,"Kibbutz Ein Gedi, Israel",beach,3,First week of college,🍷,0.95,-,a of two lemons in the water,lemons; water; sea; lemon; banana; boats; swimming; yellow; boat; swim,0.7967; 0.7685; 0.288; 0.288; 0.2864; 0.2863; 0.2817; 0.2815; 0.2815; 0.2808,warm,-
image640,"Bridge, Trees, and Train",@esoteric_wisdom,"Marrakesh, Morocco",train window seat,22,Midsummer night,🌙,0.85,-,"a bridge, trees, and a train",bridge; train; landscape; landscapes; forests; logging; trees; forestry; gras; terrain,0.7352; 0.7296; 0.263; 0.2622; 0.262; 0.2601; 0.2582; 0.2565; 0.2563; 0.254,mysterious,-
image641,Variety of Frogs and Toads,@cryptic_message,"Hallstatt, Austria",bus seat,7,Summer solstice,-,-,-,a variety of frogs and toads,frogs; toads; variety; frog; biodiversity; ecology; creatures; stickers; prints; animals,0.8016; 0.7813; 0.733; 0.2762; 0.2747; 0.2524; 0.2523; 0.2515; 0.2506; 0.2505,mysterious,-
image642,Concept: I Don’t,@stellar_wind,"Montreal, Canada",-,1,Worst birthday I've ever had,☀️,0.72,-,the concept of i don't want a freaking job,concept; freaking; internship; applicant; job; hiring; employment; careers; hire; jobs,0.7264; 0.722; 0.2861; 0.2775; 0.2766; 0.2749; 0.2742; 0.2717; 0.2712; 0.27,serene,-
image643,Woman Standing in Front of Bed,@nebula_dream,"Takayama, Japan",airport lounge,36,New Year's Eve 2010,🍷,0.84,-,a woman standing in front of a bed,front; bed; pathology; patient; sublimedirectory; infections; veterinary; infant; patients; appendix,0.7031; 0.6953; 0.2604; 0.2558; 0.2535; 0.2503; 0.2496; 0.2489; 0.2485; 0.2485,serene,-
image644,Pencil Drawing of Cow’s Head,@citrine_glow,"Rosh Hanikra, Israel",train window seat,22,Midsummer night,☕,0.83,-,a pencil of a cow's head with a knife,head; knife; cow; gnu; pig; buffalo; horse; elephant; viking; doe,0.7528; 0.7331; 0.2727; 0.2717; 0.2715; 0.2686; 0.2679; 0.2667; 0.2666; 0.2665,mysterious,-
image645,Pansy Flower,@lunar_tide,"Nazareth, Israel",laundromat corner,29,First snow of 2012,-,-,-,"pansies, and a of a flower",pansies; flowers; flower; poems; bloom; remarks; bouquet; plant,0.8065; 0.2661; 0.2605; 0.2603; 0.2541; 0.2537; 0.2533; 0.2524,mysterious,-
image646,Young Girl Using Computer,@ruby_heart,"Venice, Italy",on the rooftop,37,Worst birthday I've ever had,🍝,0.72,-,a young girl using a computer,girl; computer,0.7509; 0.3015,mysterious,-
image647,Fish with Word “Tunwritten”,@underground_rail,"Zanzibar, Tanzania",school hallway,5,The day the power went out,🍝,0.95,-,a of a fish with the word tuna written on it,tuna; word; fish,0.7707; 0.68; 0.3007,mysterious,-
image648,Woman in Bikini,@planet_blue,"Caesarea, Israel",toilet,2,New Year's Eve 2010,🍷,0.52,-,a of a woman in a bikini,bikini; banana; nudity; marilyn; draw; card; postcard; preliminary,0.7227; 0.2641; 0.2625; 0.258; 0.2573; 0.2572; 0.2547; 0.2546,mysterious,-
image649,Floral Design with Animal,@peaceful_mind,"Haifa, Israel",park bench,4,Full moon in March,🍷,0.9,-,"a of a floral design, a of an animal, and an of the alphabet",design; alphabet; animal; bookmarks; symbols; pages; bookmark; glossary; menus; recipes; bibliographic,0.7341; 0.7319; 0.6994; 0.2645; 0.2627; 0.2595; 0.2585; 0.2534; 0.2495; 0.2495; 0.2487,neutral,-
image65,Man and Woman in Desert,@beryl_light,"Lamu, Kenya",dockside pier,34,Midsummer night,🍝,0.74,-,a of a man and woman in the desert,desert; animation; backgrounds; comic; thumbnail; panels; pages,0.6958; 0.2668; 0.2612; 0.2566; 0.2545; 0.2517; 0.2517,serene,-
image650,"Bug, Butterfly, and Insect",@found_poetry,"Oaxaca, Mexico",hotel balcony,28,Autumn equinox,☕,0.98,-,"a of a bug, a butterfly, and an insect",insect; butterfly; bug; bookmarks; stationery; pages; folders; contents; stickers,0.7285; 0.7209; 0.7067; 0.2841; 0.2714; 0.2695; 0.2689; 0.2687; 0.2679,mysterious,-
image651,Colorful Cityscape with Skyscrapers,@quiet_night,"Hallstatt, Austria",park bench,4,04/07/11,-,0.82,-,a colorful cityscape with skyscrapers,skyscrapers; cityscape; buildings; towers; cities; blocks; banner; puzzles; city; pixels,0.7819; 0.7674; 0.273; 0.2677; 0.2653; 0.2644; 0.2597; 0.2552; 0.2513; 0.2494,whimsical,-
image652,Man Floating in Air,@ethereal_beauty,"Samarkand, Uzbekistan",beach,3,Middle of summer,🌙,0.98,-,a man floating in the air,air; falling; float; banner; carnival; stars; floating; gravity; travelers,0.7331; 0.2671; 0.2659; 0.2604; 0.259; 0.2588; 0.2581; 0.2564; 0.2562,ethereal,-
image653,Herd of Sheep Glowing,@tanzanite_night,"Berlin, Germany",bus seat,7,Third week of lockdown,🌙,0.86,-,a herd of sheep with glowing eyes,herd; eyes; sheep; audience; invasion; livestock; chorus; gathered; orgy; beings,0.7938; 0.727; 0.2914; 0.2867; 0.2745; 0.2683; 0.2682; 0.2665; 0.266; 0.2627,warm,-
image654,Collie Wearing Sunglasses,@sacred_space,"Budapest, Hungary",library window,30,An endless Sunday,☀️,0.97,-,a collie wearing sunglasses,collie; sunglasses; wearing; artist; paint; painted; dog; puppy; bear; crafts,0.7747; 0.7038; 0.6971; 0.2546; 0.253; 0.2508; 0.2479; 0.2478; 0.2476; 0.246,serene,-
image655,Crab with Words “Innocence”,@asteroid_belt,"Caesarea, Israel",attic room,12,The hottest day of the year,🍝,0.67,-,"a crab with the words ""innocence"" written on it",crab; innocence; maine; seafood; une; louisiana; thumbnail; maryland; peterson; omega,0.8031; 0.7014; 0.2608; 0.2566; 0.2533; 0.2507; 0.2464; 0.2461; 0.2454; 0.2453,mysterious,-
image656,Island Waterfall with People,@expressive_heart,"Sapa, Vietnam",hotel balcony,28,The festival weekend,-,0.63,-,an island with a waterfall and people in the water,waterfall; island; water; groundwater; rain; precipitation; irrigation; humidity; membrane; diagram; hydraulic,0.761; 0.7597; 0.7504; 0.2852; 0.281; 0.2796; 0.2736; 0.2735; 0.2717; 0.2715; 0.2706,serene,-
image657,Two Birds and a Green Heron,@cryptic_message,"Barcelona, Spain",bridge at dusk,31,After the last train,☕,0.55,-,two birds and a green heron,heron; creatures; birds; griffin; dragon; wings; bird; markers; scanned,0.7438; 0.2793; 0.2781; 0.2728; 0.2724; 0.269; 0.2686; 0.2672; 0.2667,cool,-
image658,Green Beetle,@lost_art,"Luang Prabang, Laos",rain-soaked café,16,On my sister's wedding day,🍝,0.52,Sketched on a napkin during lunch break,a of a green beetle on a of,beetle; insects; bee; bugs; buzz; card; verde; patrol; aaa,0.7856; 0.2745; 0.2712; 0.2701; 0.2649; 0.2643; 0.2632; 0.259; 0.2571,cool,Sketched on a napkin during lunch break
image659,Person Riding Bicycle Downhill,@garnet_sun,"Lamu, Kenya",secluded garden,23,One rainy afternoon,🍝,0.57,-,a person riding a bicycle down a street,street; person; disabilities; inclusion; accessibility; disability; accessible; bicycle; cycling; adaptive,0.7342; 0.7298; 0.276; 0.2716; 0.2715; 0.2694; 0.2643; 0.2621; 0.2619; 0.2532,mysterious,-
image66,Group of Different People,@undercurrent,"Amsterdam, Netherlands",during traffic in my car,10,Just before sunrise,☀️,0.8,-,a group of people in different poses,poses; group; collective; dozen; entities; molecules; orgy; bodies; composite; header,0.7318; 0.7275; 0.2521; 0.2509; 0.2495; 0.2477; 0.2467; 0.2465; 0.2459; 0.2451,serene,-
image660,Variety of Fruits and Vegetables,@meditation_room,"Venice, Italy",market square,21,-,🍷,0.72,Made this after too much coffee at 3 a.m.,a variety of fruits and vegetables,variety; produce; vegetables; tomatoes; fruits; varieties; grocery; foods; fruit,0.7382; 0.2813; 0.2713; 0.2702; 0.2686; 0.2663; 0.2662; 0.265; 0.2614,mysterious,Made this after too much coffee at 3 a.m.
image661,Various Types of Fish,@celestial_harmony,"Reykjavík, Iceland",empty classroom,32,31/12/07,☀️,0.65,-,various types of fish and other sea creatures,sea; types; biodiversity; creatures; aquarium; organisms; catalog; fish; aquatic; biological,0.741; 0.727; 0.2725; 0.268; 0.2675; 0.2673; 0.2666; 0.2665; 0.2632; 0.2629,mysterious,-
image662,Group of Vehicles in City,@opal_dream,"Jaffa, Israel",desert roadside,18,One rainy afternoon,🍝,0.55,-,a group of vehicles on a city street,street; city; group; cars; vehicles; tractor; parking; automobile; automobiles; vehicle; motorcycles,0.7306; 0.7085; 0.7017; 0.2713; 0.2708; 0.2678; 0.2647; 0.2622; 0.2609; 0.2598; 0.2585,neutral,-
image663,Words: “Better Faggot Than Fascist”,@morganite_blush,"Vancouver, Canada",on the rooftop,37,Middle of summer,-,0.94,-,the words better a faggot than a fascist,faggot; patches; bestiality; beastiality; rather; favors; liberal; republican; dogs,0.7589; 0.2664; 0.2616; 0.2609; 0.2588; 0.2581; 0.2576; 0.2557; 0.2556,mysterious,-
image664,"Pansies, Daffodils, Irises, and Others",@undercurrent,"Valparaíso, Chile",hidden alleyway,26,My last day at work,🍝,0.83,-,"pansies, daffodils, irises, and other flowers",pansies; irises; daffodils; flowers; flower; floral; stationery; card; purple,0.8014; 0.7618; 0.7276; 0.2692; 0.2685; 0.262; 0.2612; 0.261; 0.2557,cool,-
image665,Relationship Between Shrimp,@ruby_heart,"Toronto, Canada",museum hallway,33,The festival weekend,☕,0.7,-,the relationship between shrimp and bugs,shrimp; relationship; samba; biology; fish; bugs; samoa; bio; bug; seafood,0.7816; 0.7008; 0.2869; 0.2838; 0.2768; 0.2745; 0.2741; 0.2741; 0.2734; 0.2721,serene,-
image666,Blue and Red Swirls,@serene_waters,"Rome, Italy",hidden alleyway,26,Midsummer night,-,0.64,-,blue and red swirls,swirls; blue; wallpaper,0.7958; 0.7512; 0.3013,melancholic,-
image667,Bird with Bread in Its Beak,@calm_ocean,"Tel Aviv, Israel",forest clearing,35,Night of the eclipse,🍝,0.82,-,a bird with bread in its beak,beak; bread; bird,0.7768; 0.7681; 0.3022,neutral,-
image668,Three Blueberries on Branch,@citrine_glow,"Jerusalem, Israel",backstage dressing room,25,The festival weekend,-,0.88,-,three blueberries on a branch,blueberries; branch; fruits; fig; fruit,0.8124; 0.7329; 0.3048; 0.304; 0.3026,melancholic,-
image669,Two Pink Butterflies and Blue,@artistic_soul,"Chefchaouen, Morocco",candlelit room,24,15/05/23,🍷,0.59,-,two pink butterflies in a blue frame,butterflies; frame; blue; butterfly; appendix; wings; segment; wing; bat; quilt,0.7574; 0.721; 0.6972; 0.2637; 0.2527; 0.252; 0.2497; 0.2483; 0.2461; 0.246,melancholic,-
image67,Rocks and Water,@arcane_symbol,"Eilat, Israel",during traffic in my car,10,Early spring 2005,☕,0.86,-,rocks and water in the sunlight,water; sunlight; rocks; detail; streams; oils; geological; acrylic; terrain; green,0.7319; 0.7303; 0.2908; 0.2678; 0.2677; 0.2651; 0.2633; 0.2628; 0.2621; 0.26,whimsical,-
image670,Fish Sticker with Angry Face,@shadow_whisper,"Mitzpe Ramon, Israel",bar counter,9,Night of the eclipse,☀️,-,-,a of a fish and a sticker with an angry face,sticker; face; shark; fin; permalink; wall; concern; fish; anger; loss,0.7596; 0.7502; 0.2852; 0.2813; 0.2759; 0.2742; 0.2735; 0.2728; 0.271; 0.2708,mysterious,-
image671,Variety of Animals Including Giraffe,@back_story,"Haifa, Israel",backstage dressing room,25,The day the power went out,🌙,0.69,Took ideas from a stranger's conversation at the café,"a variety of animals, including a giraffe, an antelope, and a zebra",antelope; giraffe; animals; zebra; variety; deer,0.7854; 0.7675; 0.7647; 0.7484; 0.7246; 0.3119,neutral,Took ideas from a stranger's conversation at the café
image672,Four Leaves in Blue,-,"Athens, Greece",museum hallway,33,Early morning in August,🍷,0.84,-,four leaves in blue and white,leaf; pine; plants; plant; leaves; textile; printable; peoples,0.2861; 0.2813; 0.2806; 0.2743; 0.2742; 0.2741; 0.2739; 0.2722,melancholic,-
image673,Butterfly with Pink Flowers,-,"Kyoto, Japan",-,1,The day the power went out,-,0.51,-,a butterfly with pink flowers and stars,butterfly; flowers; stars; attract; mentor; insects; preserve; continually; complement; intention; nevertheless,0.7473; 0.7393; 0.7067; 0.2613; 0.2591; 0.2585; 0.2581; 0.258; 0.2579; 0.2578; 0.2569,serene,-
image674,Angelfish and Swordfish,@tanzanite_night,"Sapa, Vietnam",toilet,2,First week of college,🌙,0.87,-,an angelfish and a swordfish,fish,0.3074,mysterious,-
image675,"Mountains, Trees, and River",@transcendent_moment,"Athens, Greece",empty classroom,32,First week of college,🌙,0.87,-,"mountains, trees, and a river",river; trees; mountains,0.7608; 0.7541; 0.3013,mysterious,-
image676,Fish with Stars,@abstract_mind,"Takayama, Japan",market square,21,Worst birthday I've ever had,🍷,0.79,-,a of a fish with stars on it,fish; star; salmon; asp; trout; starsmerchant; stars; alternatively,0.2816; 0.2796; 0.2737; 0.269; 0.2674; 0.2663; 0.262; 0.2598,neutral,-
image677,Woman with Dreadlocks,@underground_rail,"Takayama, Japan",rain-soaked café,16,04/07/11,🍝,0.83,-,a of a woman with dreadlocks,dreadlocks; mother; spouse; hair; moses; willow; girl; portrait,0.7929; 0.2616; 0.2609; 0.2606; 0.259; 0.2582; 0.2582; 0.2575,neutral,-
image678,Person in the Woods,@occult_art,"Nara, Japan",beach,3,Summer solstice,🍝,-,-,a person in the woods with their arms outstretched,woods; person; arms; praise; payday; arise; magical; sun; freedom; reach; rays,0.7504; 0.7287; 0.7069; 0.2689; 0.2646; 0.2637; 0.263; 0.2628; 0.2623; 0.2609; 0.2597,neutral,-
image679,Color and Shape,@planet_blue,"Acre, Israel",toilet,2,Before the big storm,🍷,0.52,-,"color, shape, and",shape; color; bacon; acrylic; guinea; shell; piece; bhutan; macedonia; cardiovascular,0.7384; 0.7377; 0.2775; 0.2753; 0.2744; 0.2713; 0.2652; 0.2648; 0.2632; 0.2628,serene,-
image680,Woman in White Dress Standing,@solar_flare,"Zanzibar, Tanzania",-,1,Middle of summer,🌙,0.63,-,a woman in a white dress standing in the middle of a room,standing; dress; middle; advertisement; bedroom; metropolitan; flyer; salon; frontpage; rooms; victorian,0.7406; 0.7285; 0.7175; 0.2637; 0.2604; 0.2597; 0.2592; 0.2574; 0.2569; 0.256; 0.2553,neutral,-
image681,"Pigeons, Doves, and Others",@spinel_heart,"Reykjavík, Iceland",airport lounge,36,The day we met,☀️,0.9,-,"of pigeons, doves, and other birds",pigeons; doves; birds,0.7952; 0.7831; 0.3095,mysterious,-
image682,Pomegranate,@wandering_soul,"Eilat, Israel",park bench,4,Midnight in April,🌙,0.64,-,a of a pomegranate,pomegranate; maple,0.767; 0.3033,mysterious,-
image683,"Scissors, Glue, and Paint",@pearl_moon,"Luang Prabang, Laos",on the rooftop,37,Blue hour in January,🌙,0.57,-,"scissors, glue, and paint",paint; scissors; glue; variation; seed; textile; birds; dried; seeds; wing,0.7389; 0.7352; 0.7292; 0.2711; 0.2641; 0.263; 0.263; 0.2628; 0.2623; 0.2619,neutral,-
image684,Man Sitting on Park Bench,@expressive_heart,"San Francisco, USA",bar counter,9,Before the big storm,-,0.56,-,a man sitting on a park bench with a cell phone in his hand,bench; park; cell; phil; farmer; portrait; neil; scanned; marion; murray; markers,0.7386; 0.7242; 0.7018; 0.2549; 0.2533; 0.2524; 0.2522; 0.2486; 0.2478; 0.2474; 0.2468,serene,-
image685,Woman Knitting on Couch,@foreground_focus,"Sapa, Vietnam",train window seat,22,The day the power went out,☀️,0.65,-,a woman knitting on a couch,couch; granny; knitting; reader; librarian; writer; author; readers,0.7282; 0.2735; 0.2718; 0.2657; 0.2619; 0.2606; 0.2582; 0.2575,neutral,-
image686,Woman Tied Up with Red Rope,-,"Luang Prabang, Laos",market square,21,During the blackout,🍝,0.94,-,a woman tied up with red rope,bondage; rope; ribbon,0.3141; 0.31; 0.3049,warm,-
image687,Three Pool Balls with Numbers,@cosmic_dance,"Tiberias, Israel",secluded garden,23,Just before sunrise,🌙,0.78,-,three pool balls with numbers on them,balls; pool; number; numbers; buttons; numerical; integer; numeric; counts; markers,0.7238; 0.7075; 0.2795; 0.2725; 0.2705; 0.2697; 0.2678; 0.2659; 0.265; 0.2625,mysterious,-
image688,Scorpion Insect,@silent_storm,"Samarkand, Uzbekistan",school hallway,5,Blue hour in January,☀️,0.6,-,a of a scorpion and a of an insect,scorpion; insect; creatures; insects; species; creature; concepts; spider; ant,0.7643; 0.7562; 0.2637; 0.2616; 0.2547; 0.2536; 0.2531; 0.2514; 0.2508,neutral,-
image689,Jellyfish with Stars,@silent_storm,"Tel Aviv, Israel",kitchen table,11,Worst birthday I've ever had,🍝,0.73,-,a jellyfish with stars on it,jellyfish; stars; root; humidity; bacterial; static; gnu; hair; seal; wizard,0.8027; 0.7413; 0.2666; 0.2619; 0.2616; 0.2615; 0.2597; 0.2588; 0.2588; 0.2569,neutral,-
image690,Tray of Pastries and Cup,@amber_glow,"New York, USA",library window,30,04/07/11,-,0.59,-,a tray of pastries and a cup of coffee,pastries; tray; cup; cups; coffee; container; cafe; fruits; refrigerator; beverage,0.784; 0.7549; 0.2696; 0.267; 0.2658; 0.2644; 0.2642; 0.2636; 0.2634; 0.2626,neutral,-
image691,Woman Sitting on Floor,@brown_bear,"Haifa, Israel",metro station,8,The hottest day of the year,🍷,0.64,-,a woman sitting on the floor with her legs spread apart,legs; floor; yellow; lemon; ink; handbags; boxing; sewing; mercury; nudist,0.7365; 0.7292; 0.2764; 0.276; 0.2753; 0.2719; 0.2711; 0.2701; 0.2699; 0.2692,warm,-
image692,"Two Fish, One Blue",@foreground_focus,"Fez, Morocco",hotel balcony,28,Halloween night,☀️,0.66,-,"two fish, one blue and one yellow",blue; yellow; fish; reconstruction; restoration; epinions; seafood; biodiversity; reproduction; fisheries,0.7331; 0.7189; 0.2867; 0.2746; 0.2728; 0.2709; 0.27; 0.2695; 0.2679; 0.2655,melancholic,-
image693,Bunny Rabbit Standing Next,@planet_blue,"Hallstatt, Austria",mountain lookout,19,Full moon in March,☕,0.72,-,a bunny and a rabbit standing next to each other,rabbit; bunny,0.7963; 0.3166,neutral,-
image694,Two Birds and Stork,@surface_tension,"Kathmandu, Nepal",attic room,12,My last day at work,🌙,0.52,-,two birds and a stork,stork; reconstruction; restoration; birds; poultry; chicks; reproduction; duck; adults,0.7672; 0.2879; 0.2844; 0.2749; 0.2696; 0.2651; 0.2631; 0.2624; 0.2619,serene,-
image695,Castle in the Middle,@peaceful_mind,"Zanzibar, Tanzania",train window seat,22,After the last train,-,0.84,-,a castle in the middle of the ocean,ocean; middle; acrylic; sky; castle; aurora; backgrounds; distant; prophet; towers,0.7336; 0.7199; 0.2595; 0.2537; 0.2518; 0.2515; 0.2505; 0.25; 0.2499; 0.2496,mysterious,-
image696,Shadow of Fish,@green_tea,"Caesarea, Israel",in bed at midnight,38,First week of college,🌙,0.55,-,the shadow of a fish on a grid,fish; shadow; grid; detection; reconstruction; pointer; constraints; cgi; simulations; animation; sequences,0.7406; 0.725; 0.7245; 0.2692; 0.2652; 0.2617; 0.261; 0.2595; 0.2576; 0.257; 0.2568,dark,-
image697,Cat and Caterpillar,@turquoise_sea,"Samarkand, Uzbekistan",museum hallway,33,Day after graduation,-,0.52,-,a of a cat and a caterpillar,caterpillar; insects; worm; tiger; tigers; creatures; spots; species; bugs,0.7808; 0.286; 0.2814; 0.2763; 0.2757; 0.2699; 0.2696; 0.2688; 0.2678,neutral,-
image698,Conch Shell,@nomadic_heart,"Folegandros, Greece",desert roadside,18,Day after graduation,☀️,0.91,Created while lying on the floor looking at the ceiling,a of a conch shell,shell; conch; spots; appendix; prints; poultry; reconstruction; restoration; seeds; reproduction,0.7548; 0.753; 0.2668; 0.2643; 0.2623; 0.2579; 0.2566; 0.2565; 0.256; 0.2558,neutral,Created while lying on the floor looking at the ceiling
image699,Words: “Try Again”,@meditation_room,"San Francisco, USA",balcony at sunset,14,Just before sunrise,🌙,0.89,-,the words try again,messages; tract; allergy; annotated; stickers; card; homepage; assign,0.2759; 0.2733; 0.2713; 0.2705; 0.2697; 0.2695; 0.2653; 0.2638,neutral,-
image7,Old Building with Ladder,@spinel_heart,"Caesarea, Israel",forest clearing,35,21/09/99,☀️,0.56,-,an old building with a ladder on the side of it,ladder; building; side; mill; radar; panels; factory; towers; mills; processor; instrumentation,0.7398; 0.7353; 0.7077; 0.2529; 0.2469; 0.2437; 0.2428; 0.2427; 0.2426; 0.2423; 0.242,serene,-
image700,Strawberry Plant with Strawberries,@black_cat,"Vancouver, Canada",secluded garden,23,Early morning in August,☕,0.84,-,a strawberry plant with strawberries on it,strawberries; strawberry; plant; tomatoes; tomato; gardening; produce; cookbook; beginner; contributor; flower,0.7665; 0.764; 0.731; 0.2615; 0.2547; 0.2509; 0.2493; 0.2448; 0.244; 0.2432; 0.2427,serene,-
image701,Two Bugs with Words,@ethereal_beauty,"Valparaíso, Chile",by the fireplace,13,Early spring 2005,☕,0.7,-,two bugs with the words weevils written on them,bugs; verzeichnis; versus; levitra; virus; level; viruses; lewis; hepatitis,0.7541; 0.2881; 0.2835; 0.2821; 0.2804; 0.2774; 0.2765; 0.2756; 0.2714,serene,-
image702,Words: “Everything You Married”,@tourmaline_rain,"Rome, Italy",bridge at dusk,31,Worst birthday I've ever had,-,0.57,-,"the words, ""everything you married is not going to be on your way"" and an of a rabbit",way; worry; spring; expects; everything; rabbit; continually; encouraged; encourage,0.7069; 0.2791; 0.2669; 0.2658; 0.2625; 0.2605; 0.2587; 0.2578; 0.2576,neutral,-
image703,Yellow and Black Tiger,@abstract_mind,"Chefchaouen, Morocco",hidden alleyway,26,The day the power went out,🍝,0.71,-,a yellow and black tiger with its mouth open,tiger; mouth; restoration,0.7496; 0.738; 0.3114,dark,-
image704,Striped Underwear in Purple,@shallow_waters,"Kibbutz Ein Gedi, Israel",forest clearing,35,Autumn equinox,🍝,0.89,-,a of a striped underwear on a purple,purple; panties; underwear; laundry; flag; wall; bat; dryer; quilt,0.7492; 0.2685; 0.2671; 0.2631; 0.2567; 0.2565; 0.2562; 0.2537; 0.2534,cool,-
image705,Black and White Woman,@underground_rail,"Lisbon, Portugal",kitchen table,11,04/07/11,☀️,0.72,-,a black and white of a woman with her hair in a bun,bun; hair; flower; vulnerable; heads; inner; shoulder; biological; bouquet,0.765; 0.7622; 0.2674; 0.2674; 0.2669; 0.2668; 0.2653; 0.2641; 0.2638,neutral,-
image706,Penguin Wearing Birthday Hat,@enigmatic_smile,"Marrakesh, Morocco",park bench,4,Winter of '98,🍝,0.83,-,a penguin wearing a birthday hat,hat; birthday; penguin,0.7193; 0.7031; 0.3116,mysterious,-
image707,Penguin Wearing Suit and Tie,@tourmaline_rain,"Pingyao, China",school hallway,5,First week of college,-,0.82,-,a penguin wearing a suit and tie,suit; tie; penguin,0.7755; 0.7446; 0.3041,neutral,-
image708,Chinese Zodiac Animal Cat,@turquoise_sea,"Lamu, Kenya",seashore rocks,27,The day the power went out,☕,0.63,-,"a chinese zodiac animal, a cat, and a dog",zodiac; animal; dog; stickers; stamps; bookmarks; sticker; folders; puzzles,0.7439; 0.733; 0.7134; 0.2941; 0.2817; 0.272; 0.2679; 0.267; 0.265,mysterious,-
image72,Blue and Gold Floral Pattern,@depth_of_field,"Budapest, Hungary",abandoned warehouse,17,21/09/99,🌙,0.56,-,a blue and gold floral pattern on a white,blue; rug; rugs; quilt; tile; textile; pattern; ceramic; emperor,0.7014; 0.2596; 0.2505; 0.2499; 0.248; 0.2473; 0.2463; 0.2459; 0.2459,melancholic,-
image73,Yellow Sun Shining Through,@atmospheric_pressure,"Reykjavík, Iceland",toilet,2,An endless Sunday,☕,-,-,a yellow sun shining through trees in a forest,trees; sun; yellow; cleanup; greene; vincent; moss; thompson; phillips; forest,0.7381; 0.7168; 0.263; 0.2604; 0.2533; 0.2506; 0.2497; 0.2474; 0.2462; 0.2444,raw,-
image74,Tree in Foreground,@purple_haze,"Jaffa, Israel",dockside pier,34,First week of college,🌙,0.96,-,a of a tree in the foreground and a green,tree; foreground; poster; reprint; inkjet; scanned; tract; card; vegetation; reprints,0.7432; 0.7283; 0.2593; 0.2578; 0.2577; 0.2556; 0.255; 0.2544; 0.2539; 0.2536,cool,-
image77,Mushroom with Smiley Face,@topaz_star,"Takayama, Japan",hidden alleyway,26,New Year's Eve 2010,☕,1.0,-,a mushroom with a smiley face,mushroom; smiley; face; vegetable; worm; hat; grows; seed; cap; plant; berry,0.8434; 0.7492; 0.7389; 0.2813; 0.2803; 0.2791; 0.2769; 0.2753; 0.2748; 0.2745; 0.2717,neutral,-
image78,Different Types of Letters,@pink_flamingo,"Acre, Israel",secluded garden,23,21/09/99,-,-,-,the different types of letters and numbers,types; numbers; letters; sequences; configurations; loss; modes; signals; fonts; symbols; spots,0.7715; 0.754; 0.7472; 0.2865; 0.2857; 0.2819; 0.2806; 0.2796; 0.2784; 0.2774; 0.277,mysterious,-
image79,Circle of Rocks Suspended,@heliodor_sun,"Montreal, Canada",balcony at sunset,14,My last day at work,☕,0.53,-,a circle of rocks suspended in the middle of an empty room,circle; rocks; room; middle; zen; installation; meditation; fountain; installations; exhibit; align; centered,0.7542; 0.729; 0.7231; 0.71; 0.2709; 0.2632; 0.2606; 0.2605; 0.2561; 0.2561; 0.2549; 0.2545,warm,-
image8,Collage,@nebula_dream,"Montreal, Canada",toilet,2,Halloween night,☕,0.59,-,"collage, and",collage; seeds; seed; ceramic; pour; housewares; iron; brush; lid,0.7288; 0.2777; 0.2713; 0.2664; 0.2606; 0.2589; 0.2583; 0.2582; 0.257,neutral,-
image80,Different Types of Labyrinths,@tranquil_forest,"Kibbutz Ein Gedi, Israel",kitchen table,11,Summer solstice,☀️,0.89,-,the different types of labyrinths,labyrinths; types; circles; phases; ranges; patterns; zones; pattern; targets; configurations,0.8016; 0.7527; 0.2925; 0.2716; 0.2702; 0.2696; 0.2687; 0.2684; 0.268; 0.2679,mysterious,-
image82,Blue and White Circle,@right_side_up,"Rosh Hanikra, Israel",museum hallway,33,Winter break,-,0.97,I did this while microdosing and laying on the grass near a supermarket,a blue and white circle,portal; dot; circular; centered; circles; blue; circle; wall,0.2693; 0.2682; 0.2614; 0.2607; 0.2585; 0.2573; 0.2572; 0.2567,melancholic,I did this while microdosing and laying on the grass near a supermarket
image86,Man Riding Bicycle,@green_tea,"Prague, Czech Republic",by the fireplace,13,-,☀️,-,-,a man riding a bicycle,bicycle; armstrong; cycling; specialized; bike; cycle; bikes; riders,0.2898; 0.283; 0.2805; 0.274; 0.2709; 0.2692; 0.2683; 0.2683,intense,-
image9,Man in Costume,@neon_dreamer,"Tel Aviv, Israel",metro station,8,First snow of 2012,-,0.97,-,a of a man in a costume,costume; tribal; vendor; priest; performer; prophet; emperor; apache,0.7541; 0.2734; 0.2707; 0.2703; 0.27; 0.2681; 0.2662; 0.265,neutral,-
image92,Woman Getting Her Makeup Done,@upside_down,"Lisbon, Portugal",park bench,4,The festival weekend,🍷,0.51,-,a woman getting her makeup done,makeup; smoking; skins; blair; mariah; britney; concentrate; lindsay,0.2705; 0.2612; 0.2611; 0.2607; 0.2588; 0.258; 0.2571; 0.2556,serene,-
image95,"Trees, Grass, and Field",@galaxy_whisper,"Tiberias, Israel",library window,30,Day after graduation,🍷,0.88,-,trees and grass in a field,field; trees; plains; forests; gras; crops; grass; backgrounds; prairie,0.771; 0.2988; 0.2934; 0.2886; 0.2883; 0.2873; 0.2866; 0.2824; 0.2802,neutral,-
image96,Variety of Colorful Flowers,@lime_light,"Nazareth, Israel",airport lounge,36,Before the big storm,🍝,-,This happened after I spilled ink and decided to go with it,a variety of colorful flowers,flowers; variety; particle; particles; bacteria; molecules; bacterial; organisms; coral; viruses,0.7299; 0.7161; 0.2782; 0.2767; 0.2764; 0.2705; 0.2685; 0.2681; 0.2636; 0.2628,whimsical,This happened after I spilled ink and decided to go with it
image97,Open Book with Pen,@inside_out,"Montreal, Canada",bar counter,9,Midsummer night,🌙,0.8,-,"a an open book, and a pen",pen; book; pilot; motorcycle; spaces; helmet; aerospace; shuttle; instrumentation; terminals,0.7369; 0.7362; 0.2718; 0.2673; 0.267; 0.2655; 0.2643; 0.2642; 0.2641; 0.263,neutral,-
image98,Pair of Shoes,@outside_in,"Cusco, Peru",during traffic in my car,10,21/09/99,-,0.67,-,a of a pair of shoes,pair; shoe; shoes; footwear; boot; air; boots; heel; foot,0.7435; 0.2896; 0.2807; 0.2759; 0.2754; 0.2747; 0.2733; 0.2707; 0.2695,mysterious,-
image99,Green Moth in Blue,@gentle_breeze,"Jaffa, Israel",park bench,4,An endless Sunday,☀️,0.74,-,a of a green moth on a blue,moth; blue; bee; insects; cell; bugs; butterfly; patrol; buzz; male,0.788; 0.7051; 0.2836; 0.2814; 0.2793; 0.2765; 0.2764; 0.2715; 0.269; 0.264,cool,-
